,200.00,250.00,300.00,350.00,400.00,450.00,500.00,550.00,600.00,650.00,700.00,750.00,800.00,850.00,900.00,950.00,1000.00,1050.00,1100.00,1150.00,1200.00,1250.00,1300.00,1350.00,1400.00,1450.00,1500.00,1550.00,1600.00,1650.00,1700.00,1750.00,1800.00,1850.00,1900.00,1950.00,2000.00,2050.00,2100.00,2150.00,2200.00,2250.00,2300.00,2350.00,2400.00,2450.00,2500.00,2550.00,2600.00,2650.00,2700.00,2750.00,2800.00,2850.00,2900.00,2950.00,3000.00,3050.00,3100.00,3150.00,3200.00,3250.00,3300.00,3350.00,3400.00,3450.00,3500.00,3550.00,3600.00,3650.00,3700.00,3750.00,3800.00,3850.00,3900.00,3950.00,4000.00,4050.00,4100.00,4150.00,4200.00,4250.00,4300.00,4350.00,4400.00,4450.00,4500.00,4550.00,4600.00,4650.00,4700.00,4750.00,4800.00,4850.00,4900.00,4950.00,5000.00,5050.00,5100.00,5150.00,5200.00,5250.00,5300.00,5350.00,5400.00,5450.00,5500.00,5550.00,5600.00,5650.00,5700.00,5750.00,5800.00,5850.00,5900.00,5950.00,6000.00,6050.00,6100.00,6150.00,6200.00,6250.00,6300.00,6350.00,6400.00,6450.00,6500.00,6550.00,6600.00,6650.00,6700.00,6750.00,6800.00,6850.00,6900.00,6950.00,7000.00,7050.00,7100.00,7150.00,7200.00,7250.00,7300.00,7350.00,7400.00,7450.00,7500.00,7550.00,7600.00,7650.00,7700.00,7750.00,7800.00,7850.00,7900.00,7950.00,8000.00,8050.00,8100.00,8150.00,8200.00,8250.00,8300.00,8350.00,8400.00,8450.00,8500.00,8550.00,8600.00,8650.00,8700.00,8750.00,8800.00,8850.00,8900.00,8950.00,9000.00,9050.00,9100.00,9150.00,9200.00,9250.00,9300.00,9350.00,9400.00,9450.00,9500.00,9550.00,9600.00,9650.00,9700.00,9750.00,9800.00,9850.00,9900.00,9950.00,10000.00
2.00,42.37,43.64,44.10,45.06,45.92,46.51,46.94,47.55,48.10,48.45,48.76,49.16,49.53,49.78,50.07,50.40,50.69,50.90,51.13,51.39,51.61,51.79,52.00,52.22,52.41,52.59,52.77,52.95,53.11,53.27,53.43,53.60,53.74,53.89,54.04,54.18,54.31,54.45,54.58,54.71,54.84,54.97,55.10,55.22,55.32,55.47,55.60,55.72,55.80,55.98,56.09,56.27,56.31,56.43,56.55,56.69,56.70,56.82,56.98,57.04,57.13,57.24,57.44,57.46,57.53,57.64,57.91,57.94,58.10,58.17,58.31,58.46,58.25,58.54,58.48,58.53,58.86,58.90,58.95,58.97,58.99,59.11,59.33,59.40,59.42,59.53,59.52,59.63,59.72,59.71,59.94,60.07,60.07,60.21,60.16,60.35,60.28,60.50,60.65,60.64,60.70,60.71,60.82,60.77,60.98,61.04,61.07,61.24,61.36,61.26,61.33,61.48,61.38,61.55,61.49,61.68,61.73,61.81,61.81,61.84,61.88,62.15,62.07,62.14,62.20,62.26,62.36,62.46,62.31,62.49,62.51,62.63,62.63,62.81,62.74,62.80,63.00,62.95,62.98,63.13,63.06,63.18,63.18,63.24,63.26,63.35,63.37,63.49,63.50,63.57,63.60,63.66,63.69,63.73,63.79,63.82,64.03,64.00,64.00,64.10,64.08,64.20,64.16,64.23,64.31,64.39,64.43,64.42,64.41,64.46,64.53,64.63,64.65,64.68,64.74,64.83,64.80,64.83,64.86,64.90,64.96,65.12,65.04,65.28,65.21,65.18,65.22,65.27,65.36,65.32,65.37,65.44,65.46,65.49,65.54,65.56,65.62
4.00,42.37,43.63,44.11,45.06,45.91,46.50,46.94,47.56,48.10,48.45,48.76,49.16,49.53,49.78,50.07,50.40,50.68,50.90,51.13,51.39,51.61,51.79,52.00,52.22,52.41,52.59,52.77,52.95,53.11,53.27,53.43,53.60,53.74,53.89,54.04,54.18,54.31,54.44,54.58,54.71,54.83,54.96,55.08,55.20,55.31,55.43,55.54,55.65,55.76,55.87,55.98,56.08,56.18,56.28,56.38,56.48,56.57,56.67,56.76,56.85,56.94,57.03,57.12,57.21,57.30,57.38,57.46,57.55,57.63,57.71,57.79,57.87,57.95,58.03,58.10,58.18,58.25,58.33,58.40,58.47,58.54,58.61,58.69,58.76,58.83,58.90,58.97,59.04,59.11,59.17,59.23,59.32,59.37,59.45,59.51,59.58,59.63,59.72,59.80,59.86,59.92,59.98,60.03,60.10,60.19,60.27,60.29,60.39,60.47,60.46,60.54,60.62,60.63,60.74,60.77,60.88,60.90,60.98,61.00,61.04,61.08,61.28,61.24,61.30,61.36,61.43,61.51,61.59,61.49,61.64,61.67,61.79,61.80,61.95,61.89,61.94,62.14,62.09,62.11,62.27,62.21,62.33,62.32,62.38,62.37,62.50,62.50,62.64,62.64,62.72,62.75,62.83,62.82,62.85,62.89,62.96,63.22,63.14,63.14,63.23,63.20,63.35,63.29,63.39,63.47,63.55,63.60,63.56,63.58,63.53,63.66,63.78,63.78,63.87,63.84,63.96,63.98,63.97,63.97,64.03,64.12,64.32,64.13,64.46,64.38,64.34,64.40,64.43,64.51,64.48,64.58,64.65,64.64,64.65,64.69,64.72,64.80
6.00,42.37,43.62,44.13,45.06,45.91,46.50,46.94,47.56,48.10,48.45,48.76,49.16,49.53,49.78,50.07,50.40,50.68,50.90,51.13,51.39,51.61,51.79,52.00,52.22,52.41,52.59,52.77,52.95,53.11,53.27,53.43,53.60,53.74,53.89,54.04,54.18,54.31,54.44,54.58,54.71,54.83,54.96,55.08,55.20,55.31,55.43,55.54,55.65,55.76,55.87,55.98,56.08,56.18,56.28,56.38,56.48,56.57,56.67,56.76,56.85,56.94,57.03,57.12,57.21,57.30,57.38,57.46,57.55,57.63,57.71,57.79,57.87,57.95,58.03,58.10,58.18,58.25,58.33,58.40,58.47,58.54,58.61,58.68,58.75,58.82,58.89,58.96,59.03,59.09,59.16,59.22,59.29,59.35,59.41,59.48,59.54,59.60,59.66,59.72,59.78,59.84,59.90,59.96,60.02,60.08,60.13,60.19,60.25,60.30,60.36,60.41,60.47,60.52,60.58,60.63,60.68,60.73,60.79,60.84,60.89,60.94,60.99,61.04,61.10,61.14,61.19,61.24,61.29,61.34,61.39,61.44,61.49,61.54,61.59,61.63,61.68,61.73,61.77,61.82,61.89,61.90,61.97,62.01,62.07,62.10,62.14,62.20,62.25,62.29,62.34,62.37,62.42,62.47,62.50,62.56,62.60,62.67,62.71,62.74,62.81,62.82,62.91,62.90,62.96,63.00,63.08,63.12,63.14,63.14,63.20,63.24,63.33,63.35,63.39,63.44,63.52,63.51,63.52,63.55,63.59,63.66,63.81,63.73,63.93,63.90,63.88,63.92,63.96,64.04,64.01,64.08,64.14,64.15,64.17,64.21,64.25,64.32
8.00,42.37,43.60,44.15,45.06,45.91,46.49,46.95,47.56,48.10,48.45,48.76,49.16,49.53,49.79,50.07,50.39,50.68,50.90,51.13,51.39,51.60,51.79,52.00,52.22,52.41,52.59,52.77,52.95,53.11,53.27,53.43,53.60,53.74,53.89,54.04,54.18,54.31,54.44,54.58,54.71,54.83,54.96,55.08,55.20,55.31,55.43,55.54,55.65,55.76,55.87,55.98,56.08,56.18,56.28,56.38,56.48,56.57,56.67,56.76,56.85,56.94,57.03,57.12,57.21,57.30,57.38,57.46,57.55,57.63,57.71,57.79,57.87,57.95,58.03,58.10,58.18,58.25,58.33,58.40,58.47,58.54,58.61,58.68,58.75,58.82,58.89,58.96,59.03,59.09,59.16,59.22,59.29,59.35,59.41,59.48,59.54,59.60,59.66,59.72,59.78,59.84,59.90,59.96,60.02,60.08,60.13,60.19,60.25,60.30,60.36,60.41,60.47,60.52,60.58,60.63,60.68,60.73,60.79,60.84,60.89,60.94,60.99,61.04,61.09,61.14,61.19,61.24,61.29,61.34,61.39,61.43,61.48,61.53,61.58,61.62,61.67,61.71,61.76,61.81,61.85,61.90,61.94,61.98,62.03,62.07,62.12,62.16,62.20,62.25,62.29,62.33,62.37,62.41,62.46,62.50,62.54,62.58,62.62,62.66,62.70,62.74,62.78,62.82,62.86,62.90,62.94,62.98,63.02,63.06,63.09,63.13,63.17,63.21,63.25,63.28,63.32,63.36,63.40,63.43,63.47,63.51,63.54,63.58,63.62,63.66,63.69,63.73,63.76,63.81,63.83,63.87,63.92,63.94,63.97,64.03,64.05,64.07
10.00,42.37,43.57,44.18,45.06,45.91,46.48,46.95,47.56,48.10,48.45,48.76,49.16,49.52,49.79,50.07,50.39,50.68,50.90,51.13,51.39,51.60,51.79,52.01,52.22,52.41,52.59,52.77,52.95,53.11,53.27,53.43,53.60,53.74,53.89,54.04,54.18,54.31,54.44,54.58,54.71,54.83,54.96,55.08,55.20,55.31,55.43,55.54,55.65,55.76,55.87,55.98,56.08,56.18,56.28,56.38,56.48,56.57,56.67,56.76,56.85,56.94,57.03,57.12,57.21,57.30,57.38,57.46,57.55,57.63,57.71,57.79,57.87,57.95,58.03,58.10,58.18,58.25,58.33,58.40,58.47,58.54,58.61,58.68,58.75,58.82,58.89,58.96,59.03,59.09,59.16,59.22,59.29,59.35,59.41,59.48,59.54,59.60,59.66,59.72,59.78,59.84,59.90,59.96,60.02,60.08,60.13,60.19,60.25,60.30,60.36,60.41,60.47,60.52,60.58,60.63,60.68,60.73,60.79,60.84,60.89,60.94,60.99,61.04,61.09,61.14,61.19,61.24,61.29,61.34,61.39,61.43,61.48,61.53,61.58,61.62,61.67,61.71,61.76,61.81,61.85,61.90,61.94,61.98,62.03,62.07,62.12,62.16,62.20,62.25,62.29,62.33,62.37,62.41,62.46,62.50,62.54,62.58,62.62,62.66,62.70,62.74,62.78,62.82,62.86,62.90,62.94,62.98,63.02,63.05,63.09,63.13,63.17,63.21,63.24,63.28,63.32,63.35,63.39,63.43,63.46,63.50,63.54,63.57,63.61,63.64,63.68,63.71,63.75,63.78,63.82,63.85,63.89,63.92,63.95,63.99,64.02,64.05
12.00,42.36,43.53,44.21,45.07,45.90,46.47,46.96,47.56,48.09,48.44,48.77,49.16,49.52,49.79,50.07,50.39,50.68,50.90,51.14,51.38,51.60,51.80,52.01,52.22,52.41,52.59,52.77,52.95,53.11,53.27,53.43,53.59,53.74,53.89,54.04,54.18,54.31,54.44,54.58,54.71,54.83,54.96,55.08,55.20,55.31,55.43,55.54,55.65,55.76,55.87,55.98,56.08,56.18,56.28,56.38,56.48,56.57,56.67,56.76,56.85,56.94,57.03,57.12,57.21,57.30,57.38,57.46,57.55,57.63,57.71,57.79,57.87,57.95,58.03,58.10,58.18,58.25,58.33,58.40,58.47,58.54,58.61,58.68,58.75,58.82,58.89,58.96,59.03,59.09,59.16,59.22,59.29,59.35,59.41,59.48,59.54,59.60,59.66,59.72,59.78,59.84,59.90,59.96,60.02,60.08,60.13,60.19,60.25,60.30,60.36,60.41,60.47,60.52,60.58,60.63,60.68,60.73,60.79,60.84,60.89,60.94,60.99,61.04,61.09,61.14,61.19,61.24,61.29,61.34,61.39,61.43,61.48,61.53,61.58,61.62,61.67,61.71,61.76,61.81,61.85,61.90,61.94,61.98,62.03,62.07,62.12,62.16,62.20,62.25,62.29,62.33,62.37,62.41,62.46,62.50,62.54,62.58,62.62,62.66,62.70,62.74,62.78,62.82,62.86,62.90,62.94,62.98,63.02,63.05,63.09,63.13,63.17,63.21,63.24,63.28,63.32,63.35,63.39,63.43,63.46,63.50,63.54,63.57,63.61,63.64,63.68,63.71,63.75,63.78,63.82,63.85,63.89,63.92,63.95,63.99,64.02,64.05
14.00,42.36,43.49,44.24,45.07,45.90,46.46,46.97,47.56,48.09,48.44,48.77,49.16,49.52,49.79,50.07,50.39,50.67,50.90,51.14,51.38,51.60,51.80,52.01,52.22,52.41,52.59,52.77,52.95,53.11,53.27,53.43,53.59,53.74,53.89,54.04,54.18,54.31,54.44,54.58,54.71,54.83,54.96,55.08,55.20,55.31,55.43,55.54,55.65,55.76,55.87,55.98,56.08,56.18,56.28,56.38,56.48,56.57,56.67,56.76,56.85,56.94,57.03,57.12,57.21,57.30,57.38,57.46,57.55,57.63,57.71,57.79,57.87,57.95,58.03,58.10,58.18,58.25,58.33,58.40,58.47,58.54,58.61,58.68,58.75,58.82,58.89,58.96,59.03,59.09,59.16,59.22,59.29,59.35,59.41,59.48,59.54,59.60,59.66,59.72,59.78,59.84,59.90,59.96,60.02,60.08,60.13,60.19,60.25,60.30,60.36,60.41,60.47,60.52,60.58,60.63,60.68,60.73,60.79,60.84,60.89,60.94,60.99,61.04,61.09,61.14,61.19,61.24,61.29,61.34,61.39,61.43,61.48,61.53,61.58,61.62,61.67,61.71,61.76,61.81,61.85,61.90,61.94,61.98,62.03,62.07,62.12,62.16,62.20,62.25,62.29,62.33,62.37,62.41,62.46,62.50,62.54,62.58,62.62,62.66,62.70,62.74,62.78,62.82,62.86,62.90,62.94,62.98,63.02,63.05,63.09,63.13,63.17,63.21,63.24,63.28,63.32,63.35,63.39,63.43,63.46,63.50,63.54,63.57,63.61,63.64,63.68,63.71,63.75,63.78,63.82,63.85,63.89,63.92,63.95,63.99,64.02,64.05
16.00,42.35,43.44,44.27,45.07,45.89,46.46,46.98,47.56,48.08,48.44,48.78,49.16,49.51,49.79,50.08,50.39,50.67,50.90,51.14,51.38,51.60,51.80,52.01,52.22,52.41,52.59,52.77,52.95,53.11,53.27,53.43,53.59,53.74,53.89,54.04,54.18,54.31,54.44,54.58,54.71,54.84,54.96,55.08,55.20,55.31,55.43,55.54,55.65,55.76,55.87,55.98,56.08,56.18,56.28,56.38,56.48,56.57,56.67,56.76,56.85,56.94,57.03,57.12,57.21,57.30,57.38,57.46,57.55,57.63,57.71,57.79,57.87,57.95,58.03,58.10,58.18,58.25,58.33,58.40,58.47,58.54,58.61,58.68,58.75,58.82,58.89,58.96,59.03,59.09,59.16,59.22,59.29,59.35,59.41,59.48,59.54,59.60,59.66,59.72,59.78,59.84,59.90,59.96,60.02,60.08,60.13,60.19,60.25,60.30,60.36,60.41,60.47,60.52,60.58,60.63,60.68,60.73,60.79,60.84,60.89,60.94,60.99,61.04,61.09,61.14,61.19,61.24,61.29,61.34,61.39,61.43,61.48,61.53,61.58,61.62,61.67,61.71,61.76,61.81,61.85,61.90,61.94,61.98,62.03,62.07,62.12,62.16,62.20,62.25,62.29,62.33,62.37,62.41,62.46,62.50,62.54,62.58,62.62,62.66,62.70,62.74,62.78,62.82,62.86,62.90,62.94,62.98,63.02,63.05,63.09,63.13,63.17,63.20,63.24,63.28,63.32,63.35,63.39,63.43,63.46,63.50,63.54,63.57,63.61,63.64,63.68,63.71,63.75,63.78,63.82,63.85,63.89,63.92,63.95,63.99,64.02,64.05
18.00,42.34,43.39,44.30,45.07,45.88,46.45,47.00,47.56,48.07,48.44,48.79,49.16,49.51,49.79,50.08,50.39,50.67,50.91,51.14,51.38,51.60,51.80,52.01,52.22,52.41,52.59,52.77,52.95,53.11,53.27,53.43,53.59,53.74,53.89,54.04,54.18,54.31,54.45,54.58,54.71,54.84,54.96,55.08,55.20,55.31,55.43,55.54,55.65,55.76,55.87,55.98,56.08,56.18,56.28,56.38,56.48,56.57,56.67,56.76,56.85,56.94,57.03,57.12,57.21,57.30,57.38,57.46,57.55,57.63,57.71,57.79,57.87,57.95,58.03,58.10,58.18,58.25,58.33,58.40,58.47,58.54,58.61,58.68,58.75,58.82,58.89,58.96,59.03,59.09,59.16,59.22,59.29,59.35,59.41,59.48,59.54,59.60,59.66,59.72,59.78,59.84,59.90,59.96,60.02,60.08,60.13,60.19,60.25,60.30,60.36,60.41,60.47,60.52,60.58,60.63,60.68,60.73,60.79,60.84,60.89,60.94,60.99,61.04,61.09,61.14,61.19,61.24,61.29,61.34,61.39,61.43,61.48,61.53,61.58,61.62,61.67,61.71,61.76,61.81,61.85,61.90,61.94,61.98,62.03,62.07,62.12,62.16,62.20,62.25,62.29,62.33,62.37,62.41,62.46,62.50,62.54,62.58,62.62,62.66,62.70,62.74,62.78,62.82,62.86,62.90,62.94,62.98,63.02,63.05,63.09,63.13,63.17,63.20,63.24,63.28,63.32,63.35,63.39,63.43,63.46,63.50,63.54,63.57,63.61,63.64,63.68,63.71,63.75,63.78,63.82,63.85,63.89,63.92,63.95,63.99,64.02,64.05
20.00,42.33,43.36,44.32,45.07,45.88,46.45,47.01,47.56,48.06,48.44,48.79,49.16,49.50,49.80,50.08,50.39,50.66,50.91,51.14,51.38,51.60,51.80,52.01,52.22,52.41,52.59,52.77,52.95,53.11,53.27,53.43,53.59,53.74,53.89,54.04,54.18,54.31,54.45,54.58,54.71,54.84,54.96,55.08,55.20,55.31,55.43,55.54,55.65,55.76,55.87,55.98,56.08,56.18,56.28,56.38,56.48,56.57,56.67,56.76,56.85,56.94,57.03,57.12,57.21,57.30,57.38,57.46,57.55,57.63,57.71,57.79,57.87,57.95,58.03,58.10,58.18,58.25,58.33,58.40,58.47,58.54,58.61,58.68,58.75,58.82,58.89,58.96,59.03,59.09,59.16,59.22,59.29,59.35,59.41,59.48,59.54,59.60,59.66,59.72,59.78,59.84,59.90,59.96,60.02,60.08,60.13,60.19,60.25,60.30,60.36,60.41,60.47,60.52,60.58,60.63,60.68,60.73,60.79,60.84,60.89,60.94,60.99,61.04,61.09,61.14,61.19,61.24,61.29,61.34,61.39,61.43,61.48,61.53,61.58,61.62,61.67,61.71,61.76,61.81,61.85,61.90,61.94,61.98,62.03,62.07,62.12,62.16,62.20,62.25,62.29,62.33,62.37,62.41,62.46,62.50,62.54,62.58,62.62,62.66,62.70,62.74,62.78,62.82,62.86,62.90,62.94,62.98,63.02,63.05,63.09,63.13,63.17,63.20,63.24,63.28,63.32,63.35,63.39,63.43,63.46,63.50,63.54,63.57,63.61,63.64,63.68,63.71,63.75,63.78,63.82,63.85,63.89,63.92,63.95,63.99,64.02,64.05
22.00,42.32,43.33,44.34,45.08,45.87,46.44,47.02,47.56,48.05,48.44,48.80,49.16,49.49,49.80,50.09,50.39,50.66,50.91,51.14,51.38,51.59,51.80,52.01,52.22,52.41,52.59,52.77,52.94,53.11,53.27,53.43,53.59,53.74,53.89,54.04,54.18,54.31,54.45,54.58,54.71,54.84,54.96,55.08,55.20,55.31,55.43,55.54,55.65,55.76,55.87,55.98,56.08,56.18,56.28,56.38,56.48,56.57,56.67,56.76,56.85,56.94,57.03,57.12,57.21,57.30,57.38,57.46,57.55,57.63,57.71,57.79,57.87,57.95,58.03,58.10,58.18,58.25,58.33,58.40,58.47,58.54,58.61,58.68,58.75,58.82,58.89,58.96,59.03,59.09,59.16,59.22,59.29,59.35,59.41,59.48,59.54,59.60,59.66,59.72,59.78,59.84,59.90,59.96,60.02,60.08,60.13,60.19,60.25,60.30,60.36,60.41,60.47,60.52,60.58,60.63,60.68,60.73,60.79,60.84,60.89,60.94,60.99,61.04,61.09,61.14,61.19,61.24,61.29,61.34,61.39,61.43,61.48,61.53,61.58,61.62,61.67,61.71,61.76,61.81,61.85,61.90,61.94,61.98,62.03,62.07,62.12,62.16,62.20,62.25,62.29,62.33,62.37,62.41,62.46,62.50,62.54,62.58,62.62,62.66,62.70,62.74,62.78,62.82,62.86,62.90,62.94,62.98,63.02,63.05,63.09,63.13,63.17,63.20,63.24,63.28,63.32,63.35,63.39,63.43,63.46,63.50,63.54,63.57,63.61,63.64,63.68,63.71,63.75,63.78,63.82,63.85,63.89,63.92,63.95,63.99,64.02,64.05
24.00,42.31,43.31,44.36,45.08,45.86,46.44,47.04,47.56,48.04,48.43,48.81,49.16,49.49,49.80,50.09,50.39,50.65,50.91,51.14,51.38,51.59,51.81,52.01,52.21,52.41,52.59,52.77,52.94,53.11,53.27,53.43,53.59,53.74,53.89,54.04,54.18,54.31,54.45,54.58,54.71,54.84,54.96,55.08,55.20,55.32,55.43,55.54,55.65,55.76,55.87,55.98,56.08,56.18,56.28,56.38,56.48,56.57,56.67,56.76,56.85,56.94,57.03,57.12,57.21,57.30,57.38,57.46,57.55,57.63,57.71,57.79,57.87,57.95,58.03,58.10,58.18,58.25,58.33,58.40,58.47,58.54,58.61,58.68,58.75,58.82,58.89,58.96,59.03,59.09,59.16,59.22,59.29,59.35,59.41,59.48,59.54,59.60,59.66,59.72,59.78,59.84,59.90,59.96,60.02,60.08,60.13,60.19,60.25,60.30,60.36,60.41,60.47,60.52,60.58,60.63,60.68,60.73,60.79,60.84,60.89,60.94,60.99,61.04,61.09,61.14,61.19,61.24,61.29,61.34,61.39,61.43,61.48,61.53,61.58,61.62,61.67,61.71,61.76,61.81,61.85,61.90,61.94,61.98,62.03,62.07,62.12,62.16,62.20,62.25,62.29,62.33,62.37,62.41,62.46,62.50,62.54,62.58,62.62,62.66,62.70,62.74,62.78,62.82,62.86,62.90,62.94,62.98,63.02,63.05,63.09,63.13,63.17,63.20,63.24,63.28,63.32,63.35,63.39,63.43,63.46,63.50,63.54,63.57,63.61,63.64,63.68,63.71,63.75,63.78,63.82,63.85,63.89,63.92,63.95,63.99,64.02,64.05
26.00,42.29,43.29,44.37,45.09,45.84,46.44,47.05,47.56,48.03,48.43,48.82,49.16,49.48,49.80,50.10,50.39,50.65,50.91,51.15,51.38,51.59,51.81,52.01,52.21,52.41,52.59,52.77,52.94,53.11,53.27,53.43,53.59,53.74,53.89,54.04,54.18,54.31,54.45,54.58,54.71,54.84,54.96,55.08,55.20,55.32,55.43,55.54,55.65,55.76,55.87,55.98,56.08,56.18,56.28,56.38,56.48,56.57,56.67,56.76,56.85,56.94,57.03,57.12,57.21,57.30,57.38,57.46,57.55,57.63,57.71,57.79,57.87,57.95,58.03,58.10,58.18,58.25,58.33,58.40,58.47,58.54,58.61,58.68,58.75,58.82,58.89,58.96,59.03,59.09,59.16,59.22,59.29,59.35,59.41,59.48,59.54,59.60,59.66,59.72,59.78,59.84,59.90,59.96,60.02,60.08,60.13,60.19,60.25,60.30,60.36,60.41,60.47,60.52,60.58,60.63,60.68,60.73,60.79,60.84,60.89,60.94,60.99,61.04,61.09,61.14,61.19,61.24,61.29,61.34,61.39,61.43,61.48,61.53,61.58,61.62,61.67,61.71,61.76,61.81,61.85,61.90,61.94,61.98,62.03,62.07,62.12,62.16,62.20,62.25,62.29,62.33,62.37,62.41,62.46,62.50,62.54,62.58,62.62,62.66,62.70,62.74,62.78,62.82,62.86,62.90,62.94,62.98,63.01,63.05,63.09,63.13,63.17,63.20,63.24,63.28,63.32,63.35,63.39,63.43,63.46,63.50,63.53,63.57,63.61,63.64,63.68,63.71,63.75,63.78,63.82,63.85,63.89,63.92,63.95,63.99,64.02,64.05
28.00,42.27,43.28,44.38,45.10,45.83,46.44,47.06,47.56,48.02,48.43,48.82,49.16,49.48,49.80,50.10,50.39,50.65,50.91,51.15,51.37,51.59,51.81,52.01,52.21,52.41,52.59,52.77,52.94,53.11,53.27,53.43,53.59,53.74,53.89,54.04,54.17,54.31,54.45,54.58,54.71,54.84,54.96,55.08,55.20,55.32,55.43,55.54,55.65,55.76,55.87,55.98,56.08,56.18,56.28,56.38,56.48,56.57,56.67,56.76,56.85,56.94,57.03,57.12,57.21,57.30,57.38,57.46,57.55,57.63,57.71,57.79,57.87,57.95,58.03,58.10,58.18,58.25,58.33,58.40,58.47,58.54,58.61,58.68,58.75,58.82,58.89,58.96,59.03,59.09,59.16,59.22,59.29,59.35,59.41,59.48,59.54,59.60,59.66,59.72,59.78,59.84,59.90,59.96,60.02,60.08,60.13,60.19,60.25,60.30,60.36,60.41,60.47,60.52,60.58,60.63,60.68,60.73,60.79,60.84,60.89,60.94,60.99,61.04,61.09,61.14,61.19,61.24,61.29,61.34,61.39,61.43,61.48,61.53,61.58,61.62,61.67,61.71,61.76,61.81,61.85,61.90,61.94,61.98,62.03,62.07,62.12,62.16,62.20,62.25,62.29,62.33,62.37,62.41,62.46,62.50,62.54,62.58,62.62,62.66,62.70,62.74,62.78,62.82,62.86,62.90,62.94,62.98,63.01,63.05,63.09,63.13,63.17,63.20,63.24,63.28,63.32,63.35,63.39,63.43,63.46,63.50,63.53,63.57,63.61,63.64,63.68,63.71,63.75,63.78,63.82,63.85,63.89,63.92,63.95,63.99,64.02,64.05
30.00,42.25,43.27,44.39,45.11,45.81,46.44,47.07,47.56,48.00,48.43,48.83,49.16,49.47,49.80,50.10,50.38,50.64,50.91,51.15,51.37,51.59,51.81,52.01,52.21,52.40,52.60,52.77,52.94,53.11,53.28,53.43,53.59,53.74,53.89,54.04,54.17,54.31,54.45,54.58,54.71,54.84,54.96,55.08,55.20,55.32,55.43,55.54,55.65,55.76,55.87,55.98,56.08,56.18,56.28,56.38,56.48,56.57,56.67,56.76,56.85,56.94,57.03,57.12,57.21,57.30,57.38,57.46,57.55,57.63,57.71,57.79,57.87,57.95,58.02,58.10,58.18,58.25,58.33,58.40,58.47,58.54,58.61,58.68,58.75,58.82,58.89,58.96,59.03,59.09,59.16,59.22,59.29,59.35,59.41,59.48,59.54,59.60,59.66,59.72,59.78,59.84,59.90,59.96,60.02,60.08,60.13,60.19,60.25,60.30,60.36,60.41,60.47,60.52,60.58,60.63,60.68,60.73,60.79,60.84,60.89,60.94,60.99,61.04,61.09,61.14,61.19,61.24,61.29,61.34,61.39,61.43,61.48,61.53,61.58,61.62,61.67,61.71,61.76,61.81,61.85,61.90,61.94,61.98,62.03,62.07,62.12,62.16,62.20,62.25,62.29,62.33,62.37,62.41,62.46,62.50,62.54,62.58,62.62,62.66,62.70,62.74,62.78,62.82,62.86,62.90,62.94,62.98,63.01,63.05,63.09,63.13,63.17,63.20,63.24,63.28,63.32,63.35,63.39,63.43,63.46,63.50,63.53,63.57,63.61,63.64,63.68,63.71,63.75,63.78,63.82,63.85,63.89,63.92,63.95,63.99,64.02,64.05
32.00,42.22,43.26,44.40,45.12,45.80,46.44,47.08,47.56,47.99,48.43,48.84,49.16,49.47,49.80,50.11,50.38,50.64,50.91,51.15,51.37,51.59,51.81,52.01,52.21,52.40,52.60,52.77,52.94,53.11,53.28,53.43,53.59,53.74,53.89,54.03,54.17,54.31,54.45,54.58,54.71,54.84,54.96,55.08,55.20,55.32,55.43,55.54,55.65,55.76,55.87,55.98,56.08,56.18,56.28,56.38,56.48,56.57,56.67,56.76,56.85,56.94,57.03,57.12,57.21,57.30,57.38,57.46,57.55,57.63,57.71,57.79,57.87,57.95,58.02,58.10,58.18,58.25,58.33,58.40,58.47,58.54,58.61,58.68,58.75,58.82,58.89,58.96,59.03,59.09,59.16,59.22,59.29,59.35,59.41,59.48,59.54,59.60,59.66,59.72,59.78,59.84,59.90,59.96,60.02,60.08,60.13,60.19,60.25,60.30,60.36,60.41,60.47,60.52,60.58,60.63,60.68,60.73,60.79,60.84,60.89,60.94,60.99,61.04,61.09,61.14,61.19,61.24,61.29,61.34,61.39,61.43,61.48,61.53,61.58,61.62,61.67,61.71,61.76,61.81,61.85,61.90,61.94,61.98,62.03,62.07,62.12,62.16,62.20,62.25,62.29,62.33,62.37,62.41,62.46,62.50,62.54,62.58,62.62,62.66,62.70,62.74,62.78,62.82,62.86,62.90,62.94,62.98,63.01,63.05,63.09,63.13,63.17,63.20,63.24,63.28,63.32,63.35,63.39,63.43,63.46,63.50,63.53,63.57,63.61,63.64,63.68,63.71,63.75,63.78,63.82,63.85,63.89,63.92,63.95,63.99,64.02,64.05
34.00,42.19,43.25,44.41,45.14,45.78,46.44,47.08,47.56,47.98,48.43,48.84,49.16,49.46,49.81,50.11,50.38,50.64,50.91,51.15,51.37,51.59,51.81,52.02,52.21,52.40,52.60,52.77,52.94,53.11,53.28,53.43,53.59,53.74,53.89,54.03,54.17,54.31,54.45,54.58,54.71,54.84,54.96,55.08,55.20,55.32,55.43,55.54,55.65,55.76,55.87,55.97,56.08,56.18,56.28,56.38,56.48,56.57,56.67,56.76,56.85,56.94,57.03,57.12,57.21,57.30,57.38,57.46,57.55,57.63,57.71,57.79,57.87,57.95,58.02,58.10,58.18,58.25,58.33,58.40,58.47,58.54,58.61,58.68,58.75,58.82,58.89,58.96,59.03,59.09,59.16,59.22,59.29,59.35,59.41,59.48,59.54,59.60,59.66,59.72,59.78,59.84,59.90,59.96,60.02,60.08,60.13,60.19,60.25,60.30,60.36,60.41,60.47,60.52,60.58,60.63,60.68,60.73,60.79,60.84,60.89,60.94,60.99,61.04,61.09,61.14,61.19,61.24,61.29,61.34,61.39,61.43,61.48,61.53,61.58,61.62,61.67,61.71,61.76,61.81,61.85,61.90,61.94,61.98,62.03,62.07,62.12,62.16,62.20,62.25,62.29,62.33,62.37,62.41,62.46,62.50,62.54,62.58,62.62,62.66,62.70,62.74,62.78,62.82,62.86,62.90,62.94,62.98,63.01,63.05,63.09,63.13,63.17,63.20,63.24,63.28,63.32,63.35,63.39,63.43,63.46,63.50,63.53,63.57,63.61,63.64,63.68,63.71,63.75,63.78,63.82,63.85,63.89,63.92,63.95,63.99,64.02,64.05
36.00,42.15,43.25,44.42,45.16,45.76,46.44,47.09,47.56,47.97,48.43,48.85,49.16,49.46,49.81,50.12,50.38,50.64,50.91,51.16,51.37,51.59,51.81,52.02,52.21,52.40,52.60,52.77,52.94,53.11,53.28,53.43,53.59,53.74,53.89,54.03,54.17,54.31,54.45,54.58,54.71,54.84,54.96,55.08,55.20,55.32,55.43,55.54,55.65,55.76,55.87,55.97,56.08,56.18,56.28,56.38,56.48,56.57,56.67,56.76,56.85,56.94,57.03,57.12,57.21,57.30,57.38,57.46,57.55,57.63,57.71,57.79,57.87,57.95,58.02,58.10,58.18,58.25,58.33,58.40,58.47,58.54,58.61,58.68,58.75,58.82,58.89,58.96,59.03,59.09,59.16,59.22,59.29,59.35,59.41,59.48,59.54,59.60,59.66,59.72,59.78,59.84,59.90,59.96,60.02,60.08,60.13,60.19,60.25,60.30,60.36,60.41,60.47,60.52,60.57,60.63,60.68,60.73,60.79,60.84,60.89,60.94,60.99,61.04,61.09,61.14,61.19,61.24,61.29,61.34,61.39,61.43,61.48,61.53,61.58,61.62,61.67,61.71,61.76,61.81,61.85,61.90,61.94,61.98,62.03,62.07,62.12,62.16,62.20,62.25,62.29,62.33,62.37,62.41,62.46,62.50,62.54,62.58,62.62,62.66,62.70,62.74,62.78,62.82,62.86,62.90,62.94,62.98,63.01,63.05,63.09,63.13,63.17,63.20,63.24,63.28,63.32,63.35,63.39,63.43,63.46,63.50,63.53,63.57,63.61,63.64,63.68,63.71,63.75,63.78,63.82,63.85,63.89,63.92,63.95,63.99,64.02,64.05
38.00,42.10,43.25,44.42,45.18,45.74,46.44,47.10,47.56,47.96,48.43,48.85,49.16,49.46,49.81,50.12,50.37,50.63,50.91,51.16,51.36,51.58,51.81,52.02,52.21,52.40,52.60,52.77,52.94,53.11,53.28,53.43,53.59,53.74,53.89,54.03,54.17,54.31,54.45,54.58,54.71,54.84,54.96,55.08,55.20,55.32,55.43,55.54,55.65,55.76,55.87,55.97,56.08,56.18,56.28,56.38,56.48,56.57,56.67,56.76,56.85,56.94,57.03,57.12,57.21,57.30,57.38,57.46,57.55,57.63,57.71,57.79,57.87,57.95,58.02,58.10,58.18,58.25,58.33,58.40,58.47,58.54,58.61,58.68,58.75,58.82,58.89,58.96,59.03,59.09,59.16,59.22,59.29,59.35,59.41,59.48,59.54,59.60,59.66,59.72,59.78,59.84,59.90,59.96,60.02,60.08,60.13,60.19,60.25,60.30,60.36,60.41,60.47,60.52,60.57,60.63,60.68,60.73,60.79,60.84,60.89,60.94,60.99,61.04,61.09,61.14,61.19,61.24,61.29,61.34,61.39,61.43,61.48,61.53,61.58,61.62,61.67,61.71,61.76,61.81,61.85,61.90,61.94,61.98,62.03,62.07,62.12,62.16,62.20,62.25,62.29,62.33,62.37,62.41,62.46,62.50,62.54,62.58,62.62,62.66,62.70,62.74,62.78,62.82,62.86,62.90,62.94,62.98,63.01,63.05,63.09,63.13,63.17,63.20,63.24,63.28,63.32,63.35,63.39,63.43,63.46,63.50,63.53,63.57,63.61,63.64,63.68,63.71,63.75,63.78,63.82,63.85,63.89,63.92,63.95,63.99,64.02,64.05
40.00,42.04,43.24,44.43,45.20,45.73,46.44,47.10,47.57,47.95,48.43,48.86,49.15,49.45,49.81,50.13,50.37,50.63,50.91,51.16,51.36,51.58,51.82,52.02,52.20,52.40,52.60,52.77,52.94,53.11,53.28,53.43,53.59,53.74,53.89,54.03,54.17,54.31,54.45,54.58,54.71,54.84,54.96,55.08,55.20,55.32,55.43,55.54,55.65,55.76,55.87,55.97,56.08,56.18,56.28,56.38,56.48,56.57,56.67,56.76,56.85,56.94,57.03,57.12,57.21,57.30,57.38,57.46,57.55,57.63,57.71,57.79,57.87,57.95,58.02,58.10,58.18,58.25,58.33,58.40,58.47,58.54,58.61,58.68,58.75,58.82,58.89,58.96,59.03,59.09,59.16,59.22,59.29,59.35,59.41,59.48,59.54,59.60,59.66,59.72,59.78,59.84,59.90,59.96,60.02,60.08,60.13,60.19,60.25,60.30,60.36,60.41,60.47,60.52,60.57,60.63,60.68,60.73,60.79,60.84,60.89,60.94,60.99,61.04,61.09,61.14,61.19,61.24,61.29,61.34,61.39,61.43,61.48,61.53,61.58,61.62,61.67,61.71,61.76,61.81,61.85,61.90,61.94,61.98,62.03,62.07,62.12,62.16,62.20,62.25,62.29,62.33,62.37,62.41,62.46,62.50,62.54,62.58,62.62,62.66,62.70,62.74,62.78,62.82,62.86,62.90,62.94,62.98,63.01,63.05,63.09,63.13,63.17,63.20,63.24,63.28,63.32,63.35,63.39,63.43,63.46,63.50,63.53,63.57,63.61,63.64,63.68,63.71,63.75,63.78,63.82,63.85,63.89,63.92,63.95,63.99,64.02,64.05
42.00,41.96,43.24,44.43,45.22,45.71,46.44,47.11,47.57,47.94,48.42,48.86,49.15,49.45,49.81,50.13,50.37,50.63,50.91,51.16,51.36,51.58,51.82,52.02,52.20,52.40,52.60,52.77,52.94,53.11,53.28,53.43,53.59,53.74,53.89,54.03,54.17,54.31,54.45,54.58,54.71,54.84,54.96,55.08,55.20,55.32,55.43,55.54,55.65,55.76,55.87,55.97,56.08,56.18,56.28,56.38,56.48,56.57,56.67,56.76,56.85,56.94,57.03,57.12,57.21,57.30,57.38,57.46,57.55,57.63,57.71,57.79,57.87,57.95,58.02,58.10,58.18,58.25,58.33,58.40,58.47,58.54,58.61,58.68,58.75,58.82,58.89,58.96,59.03,59.09,59.16,59.22,59.29,59.35,59.41,59.48,59.54,59.60,59.66,59.72,59.78,59.84,59.90,59.96,60.02,60.08,60.13,60.19,60.25,60.30,60.36,60.41,60.47,60.52,60.57,60.63,60.68,60.73,60.79,60.84,60.89,60.94,60.99,61.04,61.09,61.14,61.19,61.24,61.29,61.34,61.39,61.43,61.48,61.53,61.58,61.62,61.67,61.71,61.76,61.81,61.85,61.90,61.94,61.98,62.03,62.07,62.12,62.16,62.20,62.25,62.29,62.33,62.37,62.41,62.46,62.50,62.54,62.58,62.62,62.66,62.70,62.74,62.78,62.82,62.86,62.90,62.94,62.98,63.01,63.05,63.09,63.13,63.17,63.20,63.24,63.28,63.32,63.35,63.39,63.43,63.46,63.50,63.53,63.57,63.61,63.64,63.68,63.71,63.75,63.78,63.82,63.85,63.89,63.92,63.95,63.99,64.02,64.05
44.00,41.89,43.24,44.43,45.23,45.71,46.44,47.11,47.57,47.94,48.42,48.86,49.15,49.45,49.81,50.13,50.37,50.63,50.91,51.16,51.36,51.58,51.82,52.02,52.20,52.40,52.60,52.77,52.94,53.11,53.28,53.43,53.59,53.74,53.89,54.03,54.17,54.31,54.45,54.58,54.71,54.83,54.96,55.08,55.20,55.32,55.43,55.54,55.65,55.76,55.87,55.97,56.08,56.18,56.28,56.38,56.48,56.57,56.67,56.76,56.85,56.94,57.03,57.12,57.21,57.30,57.38,57.46,57.55,57.63,57.71,57.79,57.87,57.95,58.02,58.10,58.18,58.25,58.33,58.40,58.47,58.54,58.61,58.68,58.75,58.82,58.89,58.96,59.03,59.09,59.16,59.22,59.29,59.35,59.41,59.48,59.54,59.60,59.66,59.72,59.78,59.84,59.90,59.96,60.02,60.08,60.13,60.19,60.25,60.30,60.36,60.41,60.47,60.52,60.57,60.63,60.68,60.73,60.79,60.84,60.89,60.94,60.99,61.04,61.09,61.14,61.19,61.24,61.29,61.34,61.39,61.43,61.48,61.53,61.58,61.62,61.67,61.71,61.76,61.81,61.85,61.90,61.94,61.98,62.03,62.07,62.12,62.16,62.20,62.25,62.29,62.33,62.37,62.41,62.46,62.50,62.54,62.58,62.62,62.66,62.70,62.74,62.78,62.82,62.86,62.90,62.94,62.98,63.01,63.05,63.09,63.13,63.17,63.20,63.24,63.28,63.32,63.35,63.39,63.43,63.46,63.50,63.53,63.57,63.61,63.64,63.68,63.71,63.75,63.78,63.82,63.85,63.89,63.92,63.95,63.99,64.02,64.05
46.00,41.83,43.23,44.43,45.25,45.70,46.44,47.11,47.57,47.93,48.42,48.86,49.15,49.45,49.81,50.13,50.37,50.63,50.91,51.16,51.36,51.58,51.82,52.02,52.20,52.40,52.60,52.77,52.93,53.11,53.28,53.43,53.59,53.74,53.89,54.03,54.17,54.31,54.45,54.58,54.71,54.83,54.96,55.08,55.20,55.32,55.43,55.54,55.65,55.76,55.87,55.97,56.08,56.18,56.28,56.38,56.48,56.57,56.67,56.76,56.85,56.94,57.03,57.12,57.21,57.30,57.38,57.46,57.55,57.63,57.71,57.79,57.87,57.95,58.02,58.10,58.18,58.25,58.33,58.40,58.47,58.54,58.61,58.68,58.75,58.82,58.89,58.96,59.03,59.09,59.16,59.22,59.29,59.35,59.41,59.48,59.54,59.60,59.66,59.72,59.78,59.84,59.90,59.96,60.02,60.08,60.13,60.19,60.25,60.30,60.36,60.41,60.47,60.52,60.57,60.63,60.68,60.73,60.79,60.84,60.89,60.94,60.99,61.04,61.09,61.14,61.19,61.24,61.29,61.34,61.39,61.43,61.48,61.53,61.58,61.62,61.67,61.71,61.76,61.81,61.85,61.90,61.94,61.98,62.03,62.07,62.12,62.16,62.20,62.25,62.29,62.33,62.37,62.41,62.46,62.50,62.54,62.58,62.62,62.66,62.70,62.74,62.78,62.82,62.86,62.90,62.94,62.98,63.01,63.05,63.09,63.13,63.17,63.20,63.24,63.28,63.32,63.35,63.39,63.43,63.46,63.50,63.53,63.57,63.61,63.64,63.68,63.71,63.75,63.78,63.82,63.85,63.89,63.92,63.95,63.99,64.02,64.05
48.00,41.79,43.23,44.44,45.25,45.70,46.44,47.12,47.57,47.93,48.42,48.86,49.15,49.45,49.81,50.13,50.37,50.63,50.91,51.16,51.36,51.58,51.82,52.02,52.20,52.40,52.60,52.77,52.93,53.11,53.28,53.43,53.59,53.74,53.89,54.03,54.17,54.31,54.45,54.58,54.71,54.83,54.96,55.08,55.20,55.32,55.43,55.54,55.65,55.76,55.87,55.97,56.08,56.18,56.28,56.38,56.48,56.57,56.67,56.76,56.85,56.94,57.03,57.12,57.21,57.30,57.38,57.46,57.55,57.63,57.71,57.79,57.87,57.95,58.02,58.10,58.18,58.25,58.33,58.40,58.47,58.54,58.61,58.68,58.75,58.82,58.89,58.96,59.02,59.09,59.16,59.22,59.29,59.35,59.41,59.48,59.54,59.60,59.66,59.72,59.78,59.84,59.90,59.96,60.02,60.08,60.13,60.19,60.25,60.30,60.36,60.41,60.47,60.52,60.57,60.63,60.68,60.73,60.79,60.84,60.89,60.94,60.99,61.04,61.09,61.14,61.19,61.24,61.29,61.34,61.39,61.43,61.48,61.53,61.58,61.62,61.67,61.71,61.76,61.81,61.85,61.90,61.94,61.98,62.03,62.07,62.12,62.16,62.20,62.24,62.29,62.33,62.37,62.41,62.46,62.50,62.54,62.58,62.62,62.66,62.70,62.74,62.78,62.82,62.86,62.90,62.94,62.98,63.01,63.05,63.09,63.13,63.17,63.20,63.24,63.28,63.32,63.35,63.39,63.43,63.46,63.50,63.53,63.57,63.61,63.64,63.68,63.71,63.75,63.78,63.82,63.85,63.89,63.92,63.95,63.99,64.02,64.05
50.00,41.76,43.23,44.44,45.26,45.70,46.45,47.12,47.57,47.92,48.42,48.86,49.15,49.45,49.81,50.14,50.36,50.62,50.91,51.16,51.36,51.58,51.82,52.02,52.20,52.40,52.60,52.77,52.93,53.11,53.28,53.43,53.58,53.74,53.89,54.03,54.17,54.31,54.45,54.58,54.71,54.83,54.96,55.08,55.20,55.32,55.43,55.54,55.65,55.76,55.87,55.97,56.08,56.18,56.28,56.38,56.48,56.57,56.67,56.76,56.85,56.94,57.03,57.12,57.21,57.30,57.38,57.46,57.55,57.63,57.71,57.79,57.87,57.95,58.02,58.10,58.18,58.25,58.33,58.40,58.47,58.54,58.61,58.68,58.75,58.82,58.89,58.96,59.02,59.09,59.16,59.22,59.29,59.35,59.41,59.48,59.54,59.60,59.66,59.72,59.78,59.84,59.90,59.96,60.02,60.08,60.13,60.19,60.25,60.30,60.36,60.41,60.47,60.52,60.57,60.63,60.68,60.73,60.79,60.84,60.89,60.94,60.99,61.04,61.09,61.14,61.19,61.24,61.29,61.34,61.39,61.43,61.48,61.53,61.58,61.62,61.67,61.71,61.76,61.81,61.85,61.90,61.94,61.98,62.03,62.07,62.12,62.16,62.20,62.24,62.29,62.33,62.37,62.41,62.46,62.50,62.54,62.58,62.62,62.66,62.70,62.74,62.78,62.82,62.86,62.90,62.94,62.98,63.01,63.05,63.09,63.13,63.17,63.20,63.24,63.28,63.32,63.35,63.39,63.43,63.46,63.50,63.53,63.57,63.61,63.64,63.68,63.71,63.75,63.78,63.82,63.85,63.88,63.92,63.95,63.99,64.02,64.05
52.00,41.74,43.23,44.44,45.25,45.70,46.45,47.12,47.57,47.92,48.42,48.86,49.15,49.45,49.81,50.14,50.36,50.62,50.91,51.16,51.36,51.58,51.82,52.02,52.20,52.40,52.60,52.77,52.93,53.11,53.28,53.43,53.58,53.74,53.89,54.03,54.17,54.31,54.45,54.58,54.71,54.83,54.96,55.08,55.20,55.32,55.43,55.54,55.65,55.76,55.87,55.97,56.08,56.18,56.28,56.38,56.48,56.57,56.67,56.76,56.85,56.94,57.03,57.12,57.21,57.29,57.38,57.46,57.55,57.63,57.71,57.79,57.87,57.95,58.02,58.10,58.18,58.25,58.33,58.40,58.47,58.54,58.61,58.68,58.75,58.82,58.89,58.96,59.02,59.09,59.16,59.22,59.29,59.35,59.41,59.48,59.54,59.60,59.66,59.72,59.78,59.84,59.90,59.96,60.02,60.08,60.13,60.19,60.25,60.30,60.36,60.41,60.47,60.52,60.57,60.63,60.68,60.73,60.79,60.84,60.89,60.94,60.99,61.04,61.09,61.14,61.19,61.24,61.29,61.34,61.39,61.43,61.48,61.53,61.58,61.62,61.67,61.71,61.76,61.81,61.85,61.90,61.94,61.98,62.03,62.07,62.12,62.16,62.20,62.24,62.29,62.33,62.37,62.41,62.46,62.50,62.54,62.58,62.62,62.66,62.70,62.74,62.78,62.82,62.86,62.90,62.94,62.98,63.01,63.05,63.09,63.13,63.17,63.20,63.24,63.28,63.32,63.35,63.39,63.43,63.46,63.50,63.53,63.57,63.61,63.64,63.68,63.71,63.75,63.78,63.82,63.85,63.88,63.92,63.95,63.99,64.02,64.05
54.00,41.72,43.23,44.43,45.25,45.70,46.45,47.12,47.56,47.92,48.42,48.86,49.15,49.45,49.81,50.14,50.36,50.62,50.91,51.16,51.36,51.58,51.82,52.02,52.20,52.40,52.60,52.77,52.93,53.11,53.28,53.43,53.58,53.74,53.89,54.03,54.17,54.31,54.45,54.58,54.71,54.83,54.96,55.08,55.20,55.32,55.43,55.54,55.65,55.76,55.87,55.97,56.08,56.18,56.28,56.38,56.48,56.57,56.67,56.76,56.85,56.94,57.03,57.12,57.21,57.29,57.38,57.46,57.55,57.63,57.71,57.79,57.87,57.95,58.02,58.10,58.18,58.25,58.33,58.40,58.47,58.54,58.61,58.68,58.75,58.82,58.89,58.96,59.02,59.09,59.16,59.22,59.29,59.35,59.41,59.48,59.54,59.60,59.66,59.72,59.78,59.84,59.90,59.96,60.02,60.08,60.13,60.19,60.25,60.30,60.36,60.41,60.47,60.52,60.57,60.63,60.68,60.73,60.79,60.84,60.89,60.94,60.99,61.04,61.09,61.14,61.19,61.24,61.29,61.34,61.39,61.43,61.48,61.53,61.57,61.62,61.67,61.71,61.76,61.81,61.85,61.90,61.94,61.98,62.03,62.07,62.12,62.16,62.20,62.24,62.29,62.33,62.37,62.41,62.46,62.50,62.54,62.58,62.62,62.66,62.70,62.74,62.78,62.82,62.86,62.90,62.94,62.98,63.01,63.05,63.09,63.13,63.17,63.20,63.24,63.28,63.32,63.35,63.39,63.43,63.46,63.50,63.53,63.57,63.61,63.64,63.68,63.71,63.75,63.78,63.82,63.85,63.88,63.92,63.95,63.99,64.02,64.05
56.00,41.71,43.22,44.43,45.24,45.71,46.45,47.12,47.55,47.92,48.42,48.86,49.15,49.45,49.81,50.13,50.36,50.62,50.91,51.16,51.36,51.58,51.82,52.02,52.20,52.40,52.60,52.77,52.93,53.11,53.28,53.43,53.58,53.74,53.89,54.03,54.17,54.31,54.45,54.58,54.71,54.83,54.96,55.08,55.20,55.32,55.43,55.54,55.65,55.76,55.87,55.97,56.08,56.18,56.28,56.38,56.48,56.57,56.67,56.76,56.85,56.94,57.03,57.12,57.21,57.29,57.38,57.46,57.55,57.63,57.71,57.79,57.87,57.95,58.02,58.10,58.18,58.25,58.32,58.40,58.47,58.54,58.61,58.68,58.75,58.82,58.89,58.96,59.02,59.09,59.16,59.22,59.29,59.35,59.41,59.48,59.54,59.60,59.66,59.72,59.78,59.84,59.90,59.96,60.02,60.08,60.13,60.19,60.25,60.30,60.36,60.41,60.47,60.52,60.57,60.63,60.68,60.73,60.79,60.84,60.89,60.94,60.99,61.04,61.09,61.14,61.19,61.24,61.29,61.34,61.39,61.43,61.48,61.53,61.57,61.62,61.67,61.71,61.76,61.81,61.85,61.90,61.94,61.98,62.03,62.07,62.12,62.16,62.20,62.24,62.29,62.33,62.37,62.41,62.46,62.50,62.54,62.58,62.62,62.66,62.70,62.74,62.78,62.82,62.86,62.90,62.94,62.98,63.01,63.05,63.09,63.13,63.17,63.20,63.24,63.28,63.32,63.35,63.39,63.43,63.46,63.50,63.53,63.57,63.61,63.64,63.68,63.71,63.75,63.78,63.82,63.85,63.88,63.92,63.95,63.99,64.02,64.05
58.00,41.70,43.22,44.43,45.22,45.72,46.45,47.12,47.55,47.92,48.41,48.86,49.15,49.45,49.81,50.13,50.36,50.62,50.91,51.16,51.36,51.58,51.82,52.02,52.20,52.40,52.60,52.77,52.93,53.11,53.28,53.43,53.58,53.74,53.89,54.03,54.17,54.31,54.45,54.58,54.71,54.83,54.96,55.08,55.20,55.32,55.43,55.54,55.65,55.76,55.87,55.97,56.08,56.18,56.28,56.38,56.48,56.57,56.67,56.76,56.85,56.94,57.03,57.12,57.21,57.29,57.38,57.46,57.55,57.63,57.71,57.79,57.87,57.95,58.02,58.10,58.18,58.25,58.32,58.40,58.47,58.54,58.61,58.68,58.75,58.82,58.89,58.96,59.02,59.09,59.16,59.22,59.29,59.35,59.41,59.48,59.54,59.60,59.66,59.72,59.78,59.84,59.90,59.96,60.02,60.07,60.13,60.19,60.25,60.30,60.36,60.41,60.47,60.52,60.57,60.63,60.68,60.73,60.79,60.84,60.89,60.94,60.99,61.04,61.09,61.14,61.19,61.24,61.29,61.34,61.39,61.43,61.48,61.53,61.57,61.62,61.67,61.71,61.76,61.80,61.85,61.90,61.94,61.98,62.03,62.07,62.12,62.16,62.20,62.24,62.29,62.33,62.37,62.41,62.46,62.50,62.54,62.58,62.62,62.66,62.70,62.74,62.78,62.82,62.86,62.90,62.94,62.98,63.01,63.05,63.09,63.13,63.17,63.20,63.24,63.28,63.32,63.35,63.39,63.43,63.46,63.50,63.53,63.57,63.61,63.64,63.68,63.71,63.75,63.78,63.82,63.85,63.88,63.92,63.95,63.99,64.02,64.05
60.00,41.70,43.22,44.43,45.20,45.73,46.45,47.11,47.54,47.92,48.41,48.85,49.15,49.45,49.81,50.13,50.37,50.62,50.91,51.16,51.36,51.58,51.82,52.02,52.20,52.40,52.59,52.77,52.93,53.11,53.28,53.43,53.58,53.74,53.89,54.03,54.17,54.31,54.45,54.58,54.71,54.83,54.96,55.08,55.20,55.32,55.43,55.54,55.65,55.76,55.87,55.97,56.08,56.18,56.28,56.38,56.48,56.57,56.67,56.76,56.85,56.94,57.03,57.12,57.21,57.29,57.38,57.46,57.55,57.63,57.71,57.79,57.87,57.95,58.02,58.10,58.18,58.25,58.32,58.40,58.47,58.54,58.61,58.68,58.75,58.82,58.89,58.96,59.02,59.09,59.16,59.22,59.29,59.35,59.41,59.48,59.54,59.60,59.66,59.72,59.78,59.84,59.90,59.96,60.02,60.07,60.13,60.19,60.25,60.30,60.36,60.41,60.47,60.52,60.57,60.63,60.68,60.73,60.79,60.84,60.89,60.94,60.99,61.04,61.09,61.14,61.19,61.24,61.29,61.34,61.39,61.43,61.48,61.53,61.57,61.62,61.67,61.71,61.76,61.80,61.85,61.89,61.94,61.98,62.03,62.07,62.12,62.16,62.20,62.24,62.29,62.33,62.37,62.41,62.46,62.50,62.54,62.58,62.62,62.66,62.70,62.74,62.78,62.82,62.86,62.90,62.94,62.98,63.01,63.05,63.09,63.13,63.17,63.20,63.24,63.28,63.32,63.35,63.39,63.43,63.46,63.50,63.53,63.57,63.61,63.64,63.68,63.71,63.75,63.78,63.82,63.85,63.88,63.92,63.95,63.99,64.02,64.05
62.00,41.69,43.22,44.42,45.18,45.75,46.45,47.11,47.53,47.93,48.41,48.85,49.15,49.46,49.81,50.13,50.37,50.62,50.91,51.15,51.36,51.58,51.82,52.02,52.20,52.40,52.59,52.77,52.94,53.11,53.28,53.43,53.59,53.74,53.89,54.03,54.17,54.31,54.45,54.58,54.71,54.83,54.96,55.08,55.20,55.32,55.43,55.54,55.65,55.76,55.87,55.97,56.08,56.18,56.28,56.38,56.48,56.57,56.67,56.76,56.85,56.94,57.03,57.12,57.21,57.29,57.38,57.46,57.55,57.63,57.71,57.79,57.87,57.95,58.02,58.10,58.18,58.25,58.32,58.40,58.47,58.54,58.61,58.68,58.75,58.82,58.89,58.96,59.02,59.09,59.16,59.22,59.29,59.35,59.41,59.48,59.54,59.60,59.66,59.72,59.78,59.84,59.90,59.96,60.02,60.07,60.13,60.19,60.25,60.30,60.36,60.41,60.47,60.52,60.57,60.63,60.68,60.73,60.79,60.84,60.89,60.94,60.99,61.04,61.09,61.14,61.19,61.24,61.29,61.34,61.39,61.43,61.48,61.53,61.57,61.62,61.67,61.71,61.76,61.80,61.85,61.89,61.94,61.98,62.03,62.07,62.12,62.16,62.20,62.24,62.29,62.33,62.37,62.41,62.46,62.50,62.54,62.58,62.62,62.66,62.70,62.74,62.78,62.82,62.86,62.90,62.94,62.98,63.01,63.05,63.09,63.13,63.17,63.20,63.24,63.28,63.32,63.35,63.39,63.43,63.46,63.50,63.53,63.57,63.61,63.64,63.68,63.71,63.75,63.78,63.82,63.85,63.88,63.92,63.95,63.99,64.02,64.05
64.00,41.69,43.22,44.41,45.16,45.77,46.46,47.11,47.53,47.93,48.41,48.84,49.15,49.46,49.81,50.12,50.37,50.62,50.91,51.15,51.36,51.59,51.82,52.02,52.20,52.40,52.59,52.77,52.94,53.11,53.28,53.43,53.59,53.74,53.89,54.03,54.17,54.31,54.45,54.58,54.71,54.83,54.96,55.08,55.20,55.31,55.43,55.54,55.65,55.76,55.87,55.97,56.08,56.18,56.28,56.38,56.48,56.57,56.67,56.76,56.85,56.94,57.03,57.12,57.21,57.29,57.38,57.46,57.55,57.63,57.71,57.79,57.87,57.95,58.02,58.10,58.18,58.25,58.32,58.40,58.47,58.54,58.61,58.68,58.75,58.82,58.89,58.96,59.02,59.09,59.16,59.22,59.29,59.35,59.41,59.48,59.54,59.60,59.66,59.72,59.78,59.84,59.90,59.96,60.02,60.07,60.13,60.19,60.25,60.30,60.36,60.41,60.47,60.52,60.57,60.63,60.68,60.73,60.79,60.84,60.89,60.94,60.99,61.04,61.09,61.14,61.19,61.24,61.29,61.34,61.39,61.43,61.48,61.53,61.57,61.62,61.67,61.71,61.76,61.80,61.85,61.89,61.94,61.98,62.03,62.07,62.12,62.16,62.20,62.24,62.29,62.33,62.37,62.41,62.45,62.50,62.54,62.58,62.62,62.66,62.70,62.74,62.78,62.82,62.86,62.90,62.94,62.98,63.01,63.05,63.09,63.13,63.17,63.20,63.24,63.28,63.32,63.35,63.39,63.43,63.46,63.50,63.53,63.57,63.61,63.64,63.68,63.71,63.75,63.78,63.82,63.85,63.88,63.92,63.95,63.99,64.02,64.05
66.00,41.68,43.22,44.41,45.14,45.79,46.46,47.10,47.52,47.93,48.41,48.83,49.15,49.46,49.81,50.12,50.37,50.63,50.90,51.15,51.36,51.59,51.82,52.02,52.20,52.40,52.59,52.77,52.94,53.11,53.28,53.43,53.59,53.74,53.89,54.03,54.17,54.31,54.45,54.58,54.71,54.83,54.96,55.08,55.20,55.31,55.43,55.54,55.65,55.76,55.87,55.97,56.08,56.18,56.28,56.38,56.48,56.57,56.67,56.76,56.85,56.94,57.03,57.12,57.21,57.29,57.38,57.46,57.55,57.63,57.71,57.79,57.87,57.95,58.02,58.10,58.18,58.25,58.32,58.40,58.47,58.54,58.61,58.68,58.75,58.82,58.89,58.96,59.02,59.09,59.16,59.22,59.29,59.35,59.41,59.48,59.54,59.60,59.66,59.72,59.78,59.84,59.90,59.96,60.02,60.07,60.13,60.19,60.25,60.30,60.36,60.41,60.47,60.52,60.57,60.63,60.68,60.73,60.79,60.84,60.89,60.94,60.99,61.04,61.09,61.14,61.19,61.24,61.29,61.34,61.39,61.43,61.48,61.53,61.57,61.62,61.67,61.71,61.76,61.80,61.85,61.89,61.94,61.98,62.03,62.07,62.12,62.16,62.20,62.24,62.29,62.33,62.37,62.41,62.45,62.50,62.54,62.58,62.62,62.66,62.70,62.74,62.78,62.82,62.86,62.90,62.94,62.98,63.01,63.05,63.09,63.13,63.17,63.20,63.24,63.28,63.32,63.35,63.39,63.43,63.46,63.50,63.53,63.57,63.61,63.64,63.68,63.71,63.75,63.78,63.82,63.85,63.88,63.92,63.95,63.99,64.02,64.05
68.00,41.68,43.22,44.40,45.13,45.81,46.46,47.09,47.51,47.94,48.41,48.83,49.15,49.47,49.81,50.12,50.37,50.63,50.90,51.15,51.37,51.59,51.81,52.02,52.20,52.40,52.59,52.77,52.94,53.11,53.28,53.43,53.59,53.74,53.89,54.03,54.17,54.31,54.45,54.58,54.71,54.83,54.96,55.08,55.20,55.31,55.43,55.54,55.65,55.76,55.87,55.97,56.08,56.18,56.28,56.38,56.48,56.57,56.67,56.76,56.85,56.94,57.03,57.12,57.21,57.29,57.38,57.46,57.55,57.63,57.71,57.79,57.87,57.95,58.02,58.10,58.18,58.25,58.32,58.40,58.47,58.54,58.61,58.68,58.75,58.82,58.89,58.96,59.02,59.09,59.16,59.22,59.29,59.35,59.41,59.48,59.54,59.60,59.66,59.72,59.78,59.84,59.90,59.96,60.02,60.07,60.13,60.19,60.24,60.30,60.36,60.41,60.47,60.52,60.57,60.63,60.68,60.73,60.79,60.84,60.89,60.94,60.99,61.04,61.09,61.14,61.19,61.24,61.29,61.34,61.39,61.43,61.48,61.53,61.57,61.62,61.67,61.71,61.76,61.80,61.85,61.89,61.94,61.98,62.03,62.07,62.12,62.16,62.20,62.24,62.29,62.33,62.37,62.41,62.45,62.50,62.54,62.58,62.62,62.66,62.70,62.74,62.78,62.82,62.86,62.90,62.94,62.98,63.01,63.05,63.09,63.13,63.17,63.20,63.24,63.28,63.32,63.35,63.39,63.43,63.46,63.50,63.53,63.57,63.61,63.64,63.68,63.71,63.75,63.78,63.82,63.85,63.88,63.92,63.95,63.99,64.02,64.05
70.00,41.68,43.21,44.39,45.12,45.83,46.46,47.09,47.51,47.95,48.41,48.82,49.15,49.47,49.81,50.11,50.37,50.63,50.90,51.14,51.37,51.59,51.81,52.02,52.21,52.40,52.59,52.77,52.94,53.11,53.28,53.43,53.59,53.74,53.89,54.03,54.17,54.31,54.45,54.58,54.71,54.83,54.96,55.08,55.20,55.31,55.43,55.54,55.65,55.76,55.87,55.97,56.08,56.18,56.28,56.38,56.48,56.57,56.67,56.76,56.85,56.94,57.03,57.12,57.21,57.29,57.38,57.46,57.55,57.63,57.71,57.79,57.87,57.95,58.02,58.10,58.18,58.25,58.32,58.40,58.47,58.54,58.61,58.68,58.75,58.82,58.89,58.96,59.02,59.09,59.16,59.22,59.29,59.35,59.41,59.48,59.54,59.60,59.66,59.72,59.78,59.84,59.90,59.96,60.02,60.07,60.13,60.19,60.24,60.30,60.36,60.41,60.47,60.52,60.57,60.63,60.68,60.73,60.79,60.84,60.89,60.94,60.99,61.04,61.09,61.14,61.19,61.24,61.29,61.34,61.39,61.43,61.48,61.53,61.57,61.62,61.67,61.71,61.76,61.80,61.85,61.89,61.94,61.98,62.03,62.07,62.12,62.16,62.20,62.24,62.29,62.33,62.37,62.41,62.45,62.50,62.54,62.58,62.62,62.66,62.70,62.74,62.78,62.82,62.86,62.90,62.94,62.98,63.01,63.05,63.09,63.13,63.17,63.20,63.24,63.28,63.32,63.35,63.39,63.43,63.46,63.50,63.53,63.57,63.61,63.64,63.68,63.71,63.75,63.78,63.82,63.85,63.88,63.92,63.95,63.99,64.02,64.05
72.00,41.68,43.21,44.38,45.11,45.85,46.47,47.08,47.51,47.95,48.40,48.81,49.15,49.48,49.81,50.11,50.37,50.63,50.90,51.14,51.37,51.59,51.81,52.01,52.21,52.40,52.59,52.77,52.94,53.11,53.28,53.43,53.59,53.74,53.89,54.03,54.17,54.31,54.45,54.58,54.71,54.83,54.96,55.08,55.20,55.31,55.43,55.54,55.65,55.76,55.87,55.97,56.08,56.18,56.28,56.38,56.48,56.57,56.67,56.76,56.85,56.94,57.03,57.12,57.21,57.29,57.38,57.46,57.55,57.63,57.71,57.79,57.87,57.95,58.02,58.10,58.18,58.25,58.32,58.40,58.47,58.54,58.61,58.68,58.75,58.82,58.89,58.96,59.02,59.09,59.16,59.22,59.29,59.35,59.41,59.48,59.54,59.60,59.66,59.72,59.78,59.84,59.90,59.96,60.02,60.07,60.13,60.19,60.24,60.30,60.36,60.41,60.47,60.52,60.57,60.63,60.68,60.73,60.79,60.84,60.89,60.94,60.99,61.04,61.09,61.14,61.19,61.24,61.29,61.34,61.38,61.43,61.48,61.53,61.57,61.62,61.67,61.71,61.76,61.80,61.85,61.89,61.94,61.98,62.03,62.07,62.12,62.16,62.20,62.24,62.29,62.33,62.37,62.41,62.45,62.50,62.54,62.58,62.62,62.66,62.70,62.74,62.78,62.82,62.86,62.90,62.94,62.98,63.01,63.05,63.09,63.13,63.17,63.20,63.24,63.28,63.32,63.35,63.39,63.43,63.46,63.50,63.53,63.57,63.61,63.64,63.68,63.71,63.75,63.78,63.82,63.85,63.88,63.92,63.95,63.99,64.02,64.05
74.00,41.68,43.21,44.37,45.10,45.86,46.47,47.07,47.50,47.96,48.40,48.80,49.15,49.48,49.81,50.10,50.37,50.63,50.90,51.14,51.37,51.59,51.81,52.01,52.21,52.40,52.59,52.76,52.94,53.11,53.28,53.43,53.59,53.74,53.89,54.03,54.17,54.31,54.45,54.58,54.71,54.83,54.96,55.08,55.20,55.31,55.43,55.54,55.65,55.76,55.87,55.97,56.08,56.18,56.28,56.38,56.48,56.57,56.67,56.76,56.85,56.94,57.03,57.12,57.21,57.29,57.38,57.46,57.55,57.63,57.71,57.79,57.87,57.95,58.02,58.10,58.18,58.25,58.32,58.40,58.47,58.54,58.61,58.68,58.75,58.82,58.89,58.96,59.02,59.09,59.16,59.22,59.29,59.35,59.41,59.48,59.54,59.60,59.66,59.72,59.78,59.84,59.90,59.96,60.02,60.07,60.13,60.19,60.24,60.30,60.36,60.41,60.47,60.52,60.57,60.63,60.68,60.73,60.79,60.84,60.89,60.94,60.99,61.04,61.09,61.14,61.19,61.24,61.29,61.34,61.38,61.43,61.48,61.53,61.57,61.62,61.67,61.71,61.76,61.80,61.85,61.89,61.94,61.98,62.03,62.07,62.12,62.16,62.20,62.24,62.29,62.33,62.37,62.41,62.45,62.50,62.54,62.58,62.62,62.66,62.70,62.74,62.78,62.82,62.86,62.90,62.94,62.98,63.01,63.05,63.09,63.13,63.17,63.20,63.24,63.28,63.32,63.35,63.39,63.43,63.46,63.50,63.53,63.57,63.61,63.64,63.68,63.71,63.75,63.78,63.82,63.85,63.88,63.92,63.95,63.99,64.02,64.05
76.00,41.68,43.21,44.35,45.09,45.88,46.47,47.05,47.50,47.97,48.40,48.79,49.15,49.49,49.81,50.10,50.38,50.63,50.89,51.13,51.37,51.59,51.81,52.01,52.21,52.40,52.58,52.76,52.94,53.11,53.27,53.43,53.59,53.74,53.89,54.03,54.17,54.31,54.45,54.58,54.71,54.83,54.95,55.08,55.20,55.31,55.43,55.54,55.65,55.76,55.87,55.97,56.08,56.18,56.28,56.38,56.48,56.57,56.67,56.76,56.85,56.94,57.03,57.12,57.21,57.29,57.38,57.46,57.55,57.63,57.71,57.79,57.87,57.95,58.02,58.10,58.18,58.25,58.32,58.40,58.47,58.54,58.61,58.68,58.75,58.82,58.89,58.96,59.02,59.09,59.16,59.22,59.29,59.35,59.41,59.48,59.54,59.60,59.66,59.72,59.78,59.84,59.90,59.96,60.02,60.07,60.13,60.19,60.24,60.30,60.36,60.41,60.47,60.52,60.57,60.63,60.68,60.73,60.79,60.84,60.89,60.94,60.99,61.04,61.09,61.14,61.19,61.24,61.29,61.34,61.38,61.43,61.48,61.53,61.57,61.62,61.67,61.71,61.76,61.80,61.85,61.89,61.94,61.98,62.03,62.07,62.11,62.16,62.20,62.24,62.29,62.33,62.37,62.41,62.45,62.50,62.54,62.58,62.62,62.66,62.70,62.74,62.78,62.82,62.86,62.90,62.94,62.98,63.01,63.05,63.09,63.13,63.17,63.20,63.24,63.28,63.32,63.35,63.39,63.43,63.46,63.50,63.53,63.57,63.61,63.64,63.68,63.71,63.75,63.78,63.82,63.85,63.88,63.92,63.95,63.99,64.02,64.05
78.00,41.68,43.21,44.33,45.09,45.89,46.48,47.04,47.50,47.98,48.40,48.78,49.15,49.49,49.81,50.09,50.38,50.64,50.89,51.13,51.37,51.59,51.81,52.01,52.21,52.40,52.58,52.76,52.94,53.11,53.27,53.43,53.59,53.74,53.89,54.03,54.17,54.31,54.45,54.58,54.71,54.83,54.95,55.08,55.20,55.31,55.43,55.54,55.65,55.76,55.87,55.97,56.08,56.18,56.28,56.38,56.48,56.57,56.67,56.76,56.85,56.94,57.03,57.12,57.21,57.29,57.38,57.46,57.55,57.63,57.71,57.79,57.87,57.95,58.02,58.10,58.18,58.25,58.32,58.40,58.47,58.54,58.61,58.68,58.75,58.82,58.89,58.96,59.02,59.09,59.16,59.22,59.29,59.35,59.41,59.48,59.54,59.60,59.66,59.72,59.78,59.84,59.90,59.96,60.02,60.07,60.13,60.19,60.24,60.30,60.36,60.41,60.47,60.52,60.57,60.63,60.68,60.73,60.79,60.84,60.89,60.94,60.99,61.04,61.09,61.14,61.19,61.24,61.29,61.34,61.38,61.43,61.48,61.53,61.57,61.62,61.67,61.71,61.76,61.80,61.85,61.89,61.94,61.98,62.03,62.07,62.11,62.16,62.20,62.24,62.29,62.33,62.37,62.41,62.45,62.50,62.54,62.58,62.62,62.66,62.70,62.74,62.78,62.82,62.86,62.90,62.94,62.98,63.01,63.05,63.09,63.13,63.17,63.20,63.24,63.28,63.32,63.35,63.39,63.43,63.46,63.50,63.53,63.57,63.61,63.64,63.68,63.71,63.75,63.78,63.82,63.85,63.88,63.92,63.95,63.99,64.02,64.05
80.00,41.68,43.20,44.31,45.09,45.90,46.48,47.02,47.50,47.98,48.40,48.77,49.15,49.50,49.81,50.09,50.38,50.64,50.89,51.13,51.37,51.60,51.81,52.01,52.21,52.40,52.58,52.76,52.94,53.11,53.27,53.43,53.59,53.74,53.88,54.03,54.17,54.31,54.45,54.58,54.71,54.83,54.95,55.08,55.20,55.31,55.43,55.54,55.65,55.76,55.87,55.97,56.08,56.18,56.28,56.38,56.48,56.57,56.67,56.76,56.85,56.94,57.03,57.12,57.21,57.29,57.38,57.46,57.55,57.63,57.71,57.79,57.87,57.95,58.02,58.10,58.18,58.25,58.32,58.40,58.47,58.54,58.61,58.68,58.75,58.82,58.89,58.96,59.02,59.09,59.16,59.22,59.29,59.35,59.41,59.48,59.54,59.60,59.66,59.72,59.78,59.84,59.90,59.96,60.02,60.07,60.13,60.19,60.24,60.30,60.36,60.41,60.47,60.52,60.57,60.63,60.68,60.73,60.78,60.84,60.89,60.94,60.99,61.04,61.09,61.14,61.19,61.24,61.29,61.34,61.38,61.43,61.48,61.53,61.57,61.62,61.67,61.71,61.76,61.80,61.85,61.89,61.94,61.98,62.03,62.07,62.11,62.16,62.20,62.24,62.29,62.33,62.37,62.41,62.45,62.50,62.54,62.58,62.62,62.66,62.70,62.74,62.78,62.82,62.86,62.90,62.94,62.98,63.01,63.05,63.09,63.13,63.17,63.20,63.24,63.28,63.32,63.35,63.39,63.43,63.46,63.50,63.53,63.57,63.61,63.64,63.68,63.71,63.75,63.78,63.82,63.85,63.88,63.92,63.95,63.99,64.02,64.05
82.00,41.68,43.20,44.29,45.08,45.91,46.49,47.00,47.49,47.99,48.40,48.76,49.15,49.51,49.81,50.08,50.38,50.64,50.89,51.13,51.37,51.60,51.81,52.01,52.21,52.40,52.58,52.76,52.94,53.11,53.27,53.43,53.59,53.74,53.88,54.03,54.17,54.31,54.44,54.58,54.71,54.83,54.95,55.08,55.20,55.31,55.43,55.54,55.65,55.76,55.87,55.97,56.08,56.18,56.28,56.38,56.47,56.57,56.67,56.76,56.85,56.94,57.03,57.12,57.21,57.29,57.38,57.46,57.55,57.63,57.71,57.79,57.87,57.95,58.02,58.10,58.17,58.25,58.32,58.40,58.47,58.54,58.61,58.68,58.75,58.82,58.89,58.96,59.02,59.09,59.16,59.22,59.29,59.35,59.41,59.47,59.54,59.60,59.66,59.72,59.78,59.84,59.90,59.96,60.02,60.07,60.13,60.19,60.24,60.30,60.36,60.41,60.47,60.52,60.57,60.63,60.68,60.73,60.78,60.84,60.89,60.94,60.99,61.04,61.09,61.14,61.19,61.24,61.29,61.34,61.38,61.43,61.48,61.53,61.57,61.62,61.67,61.71,61.76,61.80,61.85,61.89,61.94,61.98,62.03,62.07,62.11,62.16,62.20,62.24,62.29,62.33,62.37,62.41,62.45,62.50,62.54,62.58,62.62,62.66,62.70,62.74,62.78,62.82,62.86,62.90,62.94,62.98,63.01,63.05,63.09,63.13,63.17,63.20,63.24,63.28,63.32,63.35,63.39,63.43,63.46,63.50,63.53,63.57,63.61,63.64,63.68,63.71,63.75,63.78,63.82,63.85,63.88,63.92,63.95,63.99,64.02,64.05
84.00,41.69,43.20,44.26,45.08,45.92,46.49,46.99,47.49,47.99,48.39,48.76,49.15,49.51,49.80,50.08,50.38,50.64,50.88,51.12,51.37,51.60,51.80,52.01,52.21,52.40,52.58,52.76,52.94,53.11,53.27,53.43,53.59,53.74,53.88,54.03,54.17,54.31,54.44,54.58,54.71,54.83,54.95,55.08,55.20,55.31,55.43,55.54,55.65,55.76,55.87,55.97,56.08,56.18,56.28,56.38,56.47,56.57,56.67,56.76,56.85,56.94,57.03,57.12,57.21,57.29,57.38,57.46,57.55,57.63,57.71,57.79,57.87,57.95,58.02,58.10,58.17,58.25,58.32,58.40,58.47,58.54,58.61,58.68,58.75,58.82,58.89,58.96,59.02,59.09,59.16,59.22,59.28,59.35,59.41,59.47,59.54,59.60,59.66,59.72,59.78,59.84,59.90,59.96,60.02,60.07,60.13,60.19,60.24,60.30,60.36,60.41,60.47,60.52,60.57,60.63,60.68,60.73,60.78,60.84,60.89,60.94,60.99,61.04,61.09,61.14,61.19,61.24,61.29,61.34,61.38,61.43,61.48,61.53,61.57,61.62,61.67,61.71,61.76,61.80,61.85,61.89,61.94,61.98,62.03,62.07,62.11,62.16,62.20,62.24,62.29,62.33,62.37,62.41,62.45,62.50,62.54,62.58,62.62,62.66,62.70,62.74,62.78,62.82,62.86,62.90,62.94,62.97,63.01,63.05,63.09,63.13,63.17,63.20,63.24,63.28,63.32,63.35,63.39,63.43,63.46,63.50,63.53,63.57,63.61,63.64,63.68,63.71,63.75,63.78,63.82,63.85,63.88,63.92,63.95,63.99,64.02,64.05
86.00,41.69,43.19,44.22,45.08,45.93,46.50,46.97,47.49,48.00,48.39,48.75,49.15,49.52,49.80,50.08,50.38,50.65,50.88,51.12,51.38,51.60,51.80,52.01,52.21,52.40,52.58,52.76,52.94,53.11,53.27,53.43,53.59,53.74,53.88,54.03,54.17,54.31,54.44,54.58,54.71,54.83,54.95,55.08,55.20,55.31,55.43,55.54,55.65,55.76,55.87,55.97,56.08,56.18,56.28,56.38,56.47,56.57,56.67,56.76,56.85,56.94,57.03,57.12,57.21,57.29,57.38,57.46,57.55,57.63,57.71,57.79,57.87,57.95,58.02,58.10,58.17,58.25,58.32,58.40,58.47,58.54,58.61,58.68,58.75,58.82,58.89,58.96,59.02,59.09,59.16,59.22,59.28,59.35,59.41,59.47,59.54,59.60,59.66,59.72,59.78,59.84,59.90,59.96,60.02,60.07,60.13,60.19,60.24,60.30,60.36,60.41,60.47,60.52,60.57,60.63,60.68,60.73,60.78,60.84,60.89,60.94,60.99,61.04,61.09,61.14,61.19,61.24,61.29,61.34,61.38,61.43,61.48,61.53,61.57,61.62,61.67,61.71,61.76,61.80,61.85,61.89,61.94,61.98,62.03,62.07,62.11,62.16,62.20,62.24,62.29,62.33,62.37,62.41,62.45,62.50,62.54,62.58,62.62,62.66,62.70,62.74,62.78,62.82,62.86,62.90,62.94,62.97,63.01,63.05,63.09,63.13,63.17,63.20,63.24,63.28,63.32,63.35,63.39,63.43,63.46,63.50,63.53,63.57,63.60,63.64,63.68,63.71,63.75,63.78,63.82,63.85,63.88,63.92,63.95,63.99,64.02,64.05
88.00,41.69,43.19,44.19,45.08,45.93,46.51,46.96,47.49,48.00,48.39,48.74,49.15,49.52,49.80,50.07,50.38,50.65,50.88,51.12,51.38,51.60,51.80,52.01,52.21,52.40,52.57,52.76,52.94,53.11,53.27,53.43,53.59,53.74,53.88,54.03,54.17,54.31,54.44,54.58,54.71,54.83,54.95,55.08,55.20,55.31,55.43,55.54,55.65,55.76,55.87,55.97,56.08,56.18,56.28,56.38,56.47,56.57,56.67,56.76,56.85,56.94,57.03,57.12,57.21,57.29,57.38,57.46,57.54,57.63,57.71,57.79,57.87,57.95,58.02,58.10,58.17,58.25,58.32,58.40,58.47,58.54,58.61,58.68,58.75,58.82,58.89,58.96,59.02,59.09,59.16,59.22,59.28,59.35,59.41,59.47,59.54,59.60,59.66,59.72,59.78,59.84,59.90,59.96,60.02,60.07,60.13,60.19,60.24,60.30,60.36,60.41,60.47,60.52,60.57,60.63,60.68,60.73,60.78,60.84,60.89,60.94,60.99,61.04,61.09,61.14,61.19,61.24,61.29,61.34,61.38,61.43,61.48,61.53,61.57,61.62,61.67,61.71,61.76,61.80,61.85,61.89,61.94,61.98,62.03,62.07,62.11,62.16,62.20,62.24,62.29,62.33,62.37,62.41,62.45,62.50,62.54,62.58,62.62,62.66,62.70,62.74,62.78,62.82,62.86,62.90,62.94,62.97,63.01,63.05,63.09,63.13,63.17,63.20,63.24,63.28,63.32,63.35,63.39,63.43,63.46,63.50,63.53,63.57,63.60,63.64,63.68,63.71,63.75,63.78,63.82,63.85,63.88,63.92,63.95,63.99,64.02,64.05
90.00,41.69,43.18,44.15,45.08,45.94,46.52,46.94,47.49,48.01,48.39,48.74,49.15,49.53,49.80,50.07,50.38,50.65,50.88,51.12,51.38,51.60,51.80,52.01,52.21,52.40,52.57,52.76,52.94,53.11,53.27,53.43,53.59,53.74,53.88,54.03,54.17,54.31,54.44,54.58,54.71,54.83,54.95,55.08,55.20,55.31,55.43,55.54,55.65,55.76,55.87,55.97,56.08,56.18,56.28,56.38,56.47,56.57,56.67,56.76,56.85,56.94,57.03,57.12,57.21,57.29,57.38,57.46,57.54,57.63,57.71,57.79,57.87,57.94,58.02,58.10,58.17,58.25,58.32,58.40,58.47,58.54,58.61,58.68,58.75,58.82,58.89,58.96,59.02,59.09,59.15,59.22,59.28,59.35,59.41,59.47,59.54,59.60,59.66,59.72,59.78,59.84,59.90,59.96,60.02,60.07,60.13,60.19,60.24,60.30,60.36,60.41,60.47,60.52,60.57,60.63,60.68,60.73,60.78,60.84,60.89,60.94,60.99,61.04,61.09,61.14,61.19,61.24,61.29,61.34,61.38,61.43,61.48,61.53,61.57,61.62,61.67,61.71,61.76,61.80,61.85,61.89,61.94,61.98,62.03,62.07,62.11,62.16,62.20,62.24,62.29,62.33,62.37,62.41,62.45,62.50,62.54,62.58,62.62,62.66,62.70,62.74,62.78,62.82,62.86,62.90,62.94,62.97,63.01,63.05,63.09,63.13,63.17,63.20,63.24,63.28,63.31,63.35,63.39,63.42,63.46,63.50,63.53,63.57,63.60,63.64,63.68,63.71,63.75,63.78,63.82,63.85,63.88,63.92,63.95,63.99,64.02,64.05
92.00,41.69,43.17,44.12,45.07,45.94,46.53,46.93,47.49,48.01,48.38,48.73,49.15,49.53,49.80,50.07,50.38,50.65,50.87,51.12,51.38,51.60,51.80,52.00,52.21,52.40,52.57,52.76,52.94,53.11,53.27,53.43,53.59,53.74,53.88,54.03,54.17,54.31,54.44,54.58,54.71,54.83,54.95,55.08,55.20,55.31,55.43,55.54,55.65,55.76,55.87,55.97,56.08,56.18,56.28,56.38,56.47,56.57,56.66,56.76,56.85,56.94,57.03,57.12,57.21,57.29,57.38,57.46,57.54,57.63,57.71,57.79,57.87,57.94,58.02,58.10,58.17,58.25,58.32,58.40,58.47,58.54,58.61,58.68,58.75,58.82,58.89,58.96,59.02,59.09,59.15,59.22,59.28,59.35,59.41,59.47,59.54,59.60,59.66,59.72,59.78,59.84,59.90,59.96,60.02,60.07,60.13,60.19,60.24,60.30,60.36,60.41,60.46,60.52,60.57,60.63,60.68,60.73,60.78,60.84,60.89,60.94,60.99,61.04,61.09,61.14,61.19,61.24,61.29,61.34,61.38,61.43,61.48,61.53,61.57,61.62,61.67,61.71,61.76,61.80,61.85,61.89,61.94,61.98,62.03,62.07,62.11,62.16,62.20,62.24,62.29,62.33,62.37,62.41,62.45,62.50,62.54,62.58,62.62,62.66,62.70,62.74,62.78,62.82,62.86,62.90,62.94,62.98,63.01,63.05,63.09,63.13,63.17,63.21,63.24,63.28,63.32,63.36,63.39,63.43,63.47,63.50,63.54,63.58,63.62,63.66,63.68,63.72,63.76,63.81,63.83,63.87,63.92,63.94,63.97,64.02,64.04,64.07
94.00,41.70,43.16,44.09,45.07,45.95,46.54,46.92,47.49,48.01,48.38,48.73,49.15,49.53,49.80,50.07,50.38,50.65,50.87,51.11,51.38,51.60,51.80,52.00,52.22,52.40,52.57,52.76,52.94,53.11,53.27,53.43,53.59,53.74,53.88,54.03,54.17,54.31,54.44,54.58,54.71,54.83,54.95,55.08,55.20,55.31,55.43,55.54,55.65,55.76,55.87,55.97,56.08,56.18,56.28,56.38,56.47,56.57,56.66,56.76,56.85,56.94,57.03,57.12,57.21,57.29,57.38,57.46,57.54,57.63,57.71,57.79,57.87,57.94,58.02,58.10,58.17,58.25,58.32,58.40,58.47,58.54,58.61,58.68,58.75,58.82,58.89,58.96,59.02,59.09,59.15,59.22,59.28,59.35,59.41,59.47,59.54,59.60,59.66,59.72,59.78,59.84,59.90,59.96,60.02,60.07,60.13,60.19,60.24,60.30,60.36,60.41,60.46,60.52,60.57,60.63,60.68,60.73,60.79,60.84,60.89,60.94,60.99,61.04,61.09,61.14,61.19,61.24,61.29,61.34,61.39,61.43,61.48,61.53,61.59,61.63,61.67,61.73,61.77,61.82,61.89,61.90,61.97,62.01,62.07,62.10,62.14,62.20,62.25,62.29,62.34,62.37,62.42,62.46,62.50,62.56,62.60,62.67,62.71,62.74,62.81,62.82,62.91,62.89,62.96,63.00,63.08,63.12,63.14,63.14,63.20,63.24,63.33,63.35,63.39,63.43,63.51,63.50,63.52,63.55,63.59,63.66,63.81,63.73,63.93,63.90,63.88,63.92,63.96,64.04,64.01,64.08,64.13,64.15,64.17,64.21,64.24,64.32
96.00,41.70,43.15,44.07,45.07,45.95,46.55,46.91,47.49,48.01,48.38,48.72,49.15,49.53,49.79,50.07,50.38,50.66,50.87,51.11,51.38,51.61,51.80,52.00,52.22,52.40,52.57,52.76,52.94,53.11,53.27,53.43,53.59,53.74,53.88,54.03,54.17,54.31,54.44,54.58,54.71,54.83,54.95,55.08,55.20,55.31,55.43,55.54,55.65,55.76,55.87,55.97,56.08,56.18,56.28,56.38,56.47,56.57,56.66,56.76,56.85,56.94,57.03,57.12,57.21,57.29,57.38,57.46,57.54,57.63,57.71,57.79,57.87,57.94,58.02,58.10,58.17,58.25,58.33,58.40,58.47,58.54,58.61,58.69,58.75,58.83,58.89,58.97,59.03,59.11,59.16,59.23,59.31,59.37,59.44,59.50,59.58,59.62,59.72,59.80,59.86,59.91,59.98,60.03,60.10,60.18,60.26,60.28,60.39,60.47,60.46,60.54,60.61,60.63,60.74,60.77,60.88,60.90,60.98,61.00,61.05,61.08,61.28,61.23,61.30,61.36,61.43,61.51,61.58,61.49,61.64,61.67,61.79,61.79,61.95,61.90,61.93,62.13,62.09,62.11,62.26,62.20,62.33,62.32,62.38,62.37,62.50,62.50,62.64,62.63,62.72,62.75,62.83,62.81,62.84,62.89,62.95,63.22,63.14,63.13,63.23,63.20,63.35,63.29,63.39,63.47,63.55,63.60,63.55,63.58,63.53,63.66,63.78,63.78,63.87,63.83,63.96,63.98,63.98,63.97,64.03,64.13,64.31,64.13,64.46,64.39,64.34,64.40,64.43,64.52,64.48,64.57,64.65,64.65,64.65,64.69,64.72,64.81
98.00,41.70,43.14,44.05,45.07,45.95,46.55,46.91,47.48,48.01,48.38,48.72,49.15,49.53,49.79,50.06,50.38,50.66,50.87,51.11,51.38,51.61,51.79,52.00,52.22,52.40,52.57,52.76,52.94,53.11,53.27,53.43,53.59,53.73,53.88,54.03,54.17,54.31,54.45,54.58,54.71,54.83,54.96,55.09,55.22,55.32,55.47,55.59,55.72,55.79,55.97,56.09,56.26,56.31,56.42,56.56,56.69,56.70,56.81,56.98,57.03,57.13,57.24,57.43,57.46,57.53,57.64,57.92,57.93,58.10,58.16,58.31,58.47,58.24,58.52,58.47,58.53,58.86,58.91,58.95,58.98,58.99,59.11,59.32,59.40,59.42,59.51,59.53,59.62,59.72,59.72,59.94,60.07,60.06,60.21,60.16,60.33,60.27,60.51,60.65,60.64,60.68,60.71,60.81,60.76,60.98,61.04,61.06,61.23,61.37,61.26,61.34,61.46,61.37,61.54,61.50,61.69,61.74,61.81,61.80,61.85,61.86,62.15,62.06,62.13,62.20,62.26,62.36,62.45,62.31,62.49,62.51,62.64,62.62,62.81,62.75,62.79,62.99,62.94,62.98,63.13,63.05,63.18,63.18,63.24,63.26,63.36,63.36,63.49,63.50,63.58,63.59,63.67,63.68,63.72,63.79,63.81,64.02,64.00,64.00,64.10,64.07,64.20,64.16,64.23,64.30,64.38,64.43,64.41,64.41,64.46,64.53,64.63,64.64,64.69,64.74,64.82,64.81,64.83,64.86,64.91,64.97,65.11,65.03,65.27,65.22,65.17,65.23,65.27,65.37,65.32,65.36,65.44,65.47,65.50,65.54,65.56,65.64
