range_m,TL_coherent_dB,TL_incoherent_dB
200.0,42.94378604066595,41.758496787977066
250.0,55.17999915345587,43.22912438497869
300.0,44.24370385750535,44.435915274646014
350.0,46.241079441942006,45.2555432188141
400.0,40.922816777525846,45.69692649319954
450.0,42.557260749114285,46.4459128884679
500.0,50.28815409570346,47.117675394171876
550.0,46.31080351016239,47.569904384566044
600.0,49.58863218319288,47.92406985021333
650.0,46.85633192877341,48.419580711282045
700.0,45.1366658708547,48.86381400873955
750.0,49.94494893652336,49.1509517504997
800.0,47.37453256403663,49.44647414806029
850.0,46.32696881648911,49.81102430510897
900.0,43.9220753194747,50.13567325142496
950.0,62.10886866839685,50.364773658683475
1000.0,55.30706329512832,50.62408120537179
1050.0,52.85090904065751,50.91214900194883
1100.0,49.151184146301574,51.16290935572849
1150.0,56.40070682194748,51.35868132750104
1200.0,47.509763275275034,51.58241908093362
1250.0,53.70486000892396,51.81789002759592
1300.0,57.60188578357177,52.02238594236417
1350.0,49.27238150453603,52.200708973731224
1400.0,52.0994671794422,52.39812941453379
1450.0,47.44757488103276,52.59743396114387
1500.0,50.37525593723195,52.77162485755636
1550.0,53.525233110394986,52.934354139188386
1600.0,55.02535022229738,53.10880021435514
1650.0,48.1959206436068,53.280628114060306
1700.0,61.26912472168382,53.43462741670856
1750.0,59.59560014074092,53.584937729220094
1800.0,57.65390955953154,53.74160932776203
1850.0,55.592680343665606,53.89339404709819
1900.0,60.07357254633249,54.03281078747284
1950.0,52.35603162704127,54.17130694660463
2000.0,49.30373580098062,54.31266558028515
2050.0,46.26715543471002,54.448722907731806
2100.0,47.454267182651265,54.57700092534238
2150.0,52.061295453391914,54.70543286375132
2200.0,55.725925584560194,54.83456937588254
2250.0,52.274768910335965,54.958705300838524
2300.0,77.91020286841449,55.077820655357506
2350.0,51.207388267393654,55.197026263570955
2400.0,65.5709435901301,55.315628395148366
2450.0,52.363892249873736,55.43003245763189
2500.0,56.693997759288024,55.54139792970673
2550.0,52.43068622624197,55.652661265572476
2600.0,60.474707231308756,55.762664940430746
2650.0,62.872529782716796,55.86928118141975
2700.0,59.69800692752262,55.97384219133065
2750.0,52.01511385181102,56.077940878403496
2800.0,62.57393676851245,56.1805053938683
2850.0,55.168954541964574,56.28044906103391
2900.0,50.85644270971314,56.37899120723772
2950.0,53.07864009641625,56.47689402168076
3000.0,61.75106029935658,56.57322524449061
3050.0,58.67454162442183,56.667509030749876
3100.0,55.42564837493798,56.76067395951683
3150.0,69.9072263403046,56.85300616855328
3200.0,60.56922731289837,56.94384713950437
3250.0,56.190460239520796,57.03311697887556
3300.0,55.09928918035083,57.121458144502235
3350.0,63.4152367566592,57.20891618142054
3400.0,53.673221315497194,57.29504100806682
3450.0,55.650532127567764,57.37989446273503
3500.0,53.90335792882332,57.463875276512006
3550.0,53.1039934891572,57.54694599166416
3600.0,55.58732374850277,57.62884229764961
3650.0,55.84345958693333,57.70968391580874
3700.0,57.019413935148606,57.78974512312804
3750.0,64.29349568044037,57.868929102226765
3800.0,67.84519896977314,57.94707393514869
3850.0,61.786067506310715,58.02432359340077
3900.0,55.870063357822715,58.100811007425825
3950.0,61.22394805329998,58.17645648368603
4000.0,54.369045496922936,58.251201333166094
4050.000244140625,63.289427500618885,58.32515814905291
4100.0,50.98588422363531,58.39840790720683
4150.0,52.94711759252698,58.470881427336636
4200.0,51.50526132777713,58.542552216113634
4250.0,55.55398904622062,58.61350985873126
4300.0,52.74290064982728,58.683790959744435
4350.0,57.13161424689169,58.753350587750035
4400.0,53.51641889616438,58.82219758857058
4450.0,58.69788556878456,58.89040120756352
4500.0,58.945444960428105,58.9579678634304
4550.0,56.62965457013613,59.024873862110915
4600.0,56.84851697390319,59.0911379938517
4650.0,61.9369297080266,59.15680022648128
4700.0,62.92583002473516,59.221865147587806
4750.0,62.416774718207286,59.28632107895642
4800.0,57.54446754759052,59.35019576010494
4850.0,54.2116846075826,59.41351242947867
4900.0,62.8662780803307,59.476267724709906
4950.0,57.68172289500456,59.53847096421985
5000.0,53.52813698087176,59.60013204268546
5050.0,67.77237318285584,59.661274077005984
5100.0,57.463276515782546,59.721894679994776
5150.0,61.49029390509029,59.7819985716973
5200.0,74.07357779262172,59.84159980714196
5250.0,64.7522584960816,59.90072408414845
5300.0,56.023752608794524,59.959352756829894
5350.0,59.62685152628977,60.01750845147928
5400.0,66.24647524884733,60.07519933795603
5450.0,64.60919444727547,60.13243402569814
5500.0,56.52570630778756,60.18921123170526
5550.0,55.9457129598713,60.2455438904019
5600.0,59.671002805992366,60.301443906729546
5650.0,54.81199368800244,60.35691736635913
5700.0,61.193556659913554,60.41196221583236
5750.0,65.17826565212837,60.4665925374547
5800.0,66.87341643923784,60.520818653554194
5850.0,59.10608423436456,60.57464051229217
5900.0,72.7945103970524,60.628060399827206
5950.0,61.03454729283925,60.68109011783103
6000.0,58.947460351264084,60.73373751423978
6050.0,58.99734788898517,60.786011886313176
6100.0,82.13401759776616,60.83790341405475
6150.0,58.07940903738003,60.88943243066254
6200.0,53.58259976514439,60.94060468229438
6250.0,53.994964279886695,60.991414849218785
6300.0,55.28109004363508,61.04187015768713
6350.0,53.42794877612888,61.09198214498434
6400.0,61.95211644500343,61.141752360598296
6450.0,54.53642579524455,61.19119004776276
6500.0,61.59789196545705,61.24028961417543
6550.0,68.11097587722654,61.28906187545971
6600.0,61.85003495934435,61.3375150543019
6650.0,57.23654806875918,61.38564995497517
6700.0,62.1965834287268,61.433469292219336
6750.0,58.769536521931116,61.480976542353964
6800.0,71.18572609999248,61.52817837203564
6850.0,62.74543276157753,61.57508411472304
6900.0,57.31633204157346,61.621685727558564
6950.0,58.80569467836909,61.667995302326275
7000.0,58.787610362985134,61.71401788936833
7050.0,56.5691772496549,61.75975316029465
7100.0,59.49792070401453,61.80520273109061
7150.0,60.15924718198348,61.85037521676758
7200.0,62.8274328383253,61.8952713177498
7250.0,71.3945710576376,61.939898780336065
7300.0,63.41772812188536,61.984255421319396
7350.0,60.31470021249494,62.02834611132627
7400.0,69.76670828228093,62.07217460994919
7450.0,72.57790061509886,62.11574675921044
7500.0,61.923030843677566,62.159060808678284
7550.0,62.535367965074315,62.20212025223685
7600.0,59.85033838651177,62.24493330295617
7650.0,58.3509560355255,62.28750182167384
7700.0,54.78009648280168,62.32982247891465
7750.0,57.89204089031834,62.371903235525544
7800.0,71.77866724108358,62.41374625992972
7850.0,74.10536059739688,62.45535449171307
7900.0,63.26472758705674,62.49672626652589
7950.0,62.837606187977514,62.53787213343622
8000.0,65.03975273755435,62.578790650657965
8050.0,75.6172600298133,62.619483136209205
8100.00048828125,59.340728341806525,62.65995510584432
8149.99951171875,71.8755807012093,62.70020395050021
8200.0,84.63035708856032,62.740236766411286
8250.0,58.24711144849874,62.780055260009064
8300.0,56.959077858892044,62.819662615703386
8350.0,56.813567807317284,62.85905369081157
8400.0,53.59830948898705,62.89824094137667
8450.0,60.409241091405754,62.93722291396261
8500.0,60.45477951647575,62.97600102092936
8550.0,57.00092677659869,63.01457531216827
8600.0,60.766353034726194,63.05295234757634
8650.0,77.86243467005546,63.0911323494681
8700.0,59.44352190254226,63.129114134400204
8750.0,60.842940986432026,63.16690309010207
8800.0,58.43318181318011,63.204501812771326
8850.0,63.52477490645369,63.2419159187768
8900.0,76.56270428755514,63.27914157082052
8950.0,61.18802239355173,63.31617267959898
9000.0,64.82500994481666,63.35302763320185
9050.0,62.52859328133905,63.38969753181062
9100.0,59.48330882443373,63.42619136021342
9150.0,61.231388518245005,63.4625017175356
9200.0,58.367315390536035,63.49864077696439
9250.0,60.75871344269945,63.534603478986455
9300.0,61.20296705927714,63.5703946253939
9350.0,66.21064907863601,63.606009939307874
9400.0,65.34410849841916,63.64145663761265
9450.0,67.89174038041511,63.67673976960199
9500.0,66.2277160684131,63.71185286830982
9550.0,75.52486705609167,63.74679950801331
9600.0,63.20588719087253,63.78158413085869
9650.0,67.1805791822311,63.816208140009046
9700.0,63.06542897875183,63.850675350875136
9750.0,56.64524627087801,63.88497701367501
9800.0,59.27825146654381,63.91912490702133
9850.0,62.02554399375964,63.95311906664617
9900.0,71.06238289041636,63.98695395277599
9950.0,70.82616154660346,64.02063681525587
10000.0,67.39140475819138,64.05416859096096
